"","耕種農業","畜産","農業サービス","林業","漁業","石炭･原油･天然ガス","その他の鉱業","食料品","飲料","飼料･有機質肥料(別掲を除く。)","たばこ","繊維工業製品","衣服･その他の繊維既製品","木材･木製品","家具･装備品","パルプ･紙･板紙･加工紙","紙加工品","印刷･製版･製本","化学肥料","無機化学工業製品","石油化学系基礎製品","有機化学工業製品(石油化学系基礎製品･合成樹脂を除く。)","合成樹脂","化学繊維","医薬品","化学最終製品(医薬品を除く。)","石油製品","石炭製品","プラスチック製品","ゴム製品","なめし革･革製品･毛皮","ガラス･ガラス製品","セメント･セメント製品","陶磁器","その他の窯業･土石製品","銑鉄･粗鋼","鋼材","鋳鍛造品(鉄)","その他の鉄鋼製品","非鉄金属製錬･精製","非鉄金属加工製品","建設用･建築用金属製品","その他の金属製品","はん用機械","生産用機械","業務用機械","電子デバイス","その他の電子部品","産業用電気機器","民生用電気機器","電子応用装置･電気計測器","その他の電気機械","通信･映像･音響機器","電子計算機･同附属装置","乗用車","その他の自動車","自動車部品･同附属品","船舶･同修理","その他の輸送機械･同修理","その他の製造工業製品","再生資源回収･加工処理","建築","建設補修","公共事業","その他の土木建設","電力","ガス･熱供給","水道","廃棄物処理","商業","金融･保険","不動産仲介及び賃貸","住宅賃貸料","住宅賃貸料(帰属家賃)","鉄道輸送","道路輸送(自家輸送を除く。)","自家輸送","水運","航空輸送","貨物利用運送","倉庫","運輸附帯サービス","郵便･信書便","通信","放送","情報サービス","インターネット附随サービス","映像･音声･文字情報制作","公務","教育","研究","医療","保健衛生","社会保険･社会福祉","介護","他に分類されない会員制団体","物品賃貸サービス","広告","自動車整備･機械修理","その他の対事業所サービス","宿泊業","飲食サービス","洗濯･理容･美容･浴場業","娯楽サービス","その他の対個人サービス","事務用品","分類不明"
"耕種農業",1.027195,0.07921,0.007925,0.005007,0.00454,0.000034,0.000051,0.098141,0.022849,0.033204,0.017976,0.000242,0.000086,0.000766,0.00014,0.000749,0.00023,0.000147,0.000102,0.000078,0.000017,0.000398,0.000139,0.000132,0.000865,0.000856,0.000003,0.000021,0.00006,0.000075,0.000198,0.000068,0.000034,0.000128,0.000173,0.000015,0.000022,0.000032,0.000028,0.000012,0.000025,0.000032,0.000028,0.000031,0.00003,0.000042,0.000031,0.000041,0.000039,0.000037,0.000032,0.000039,0.000037,0.000035,0.00004,0.000043,0.000042,0.000049,0.000028,0.001902,0.000028,0.000798,0.000071,0.002413,0.001562,0.000015,0.000022,0.000045,0.000027,0.000132,0.000026,0.00002,0.000014,0.000008,0.000035,0.000026,0.000081,0.000025,0.000093,0.00003,0.000031,0.000321,0.000014,0.000034,0.000139,0.000053,0.00007,0.000188,0.000069,0.002478,0.000275,0.001617,0.000046,0.004236,0.00718,0.002112,0.000103,0.000126,0.000041,0.000037,0.015456,0.035599,0.000123,0.001827,0.005781,0.000399,0.000123
"畜産",0.00971,1.112528,0.018177,0.002747,0.004405,0.00001,0.000024,0.122167,0.007486,0.021844,0.000192,0.000308,0.000099,0.000533,0.000089,0.000613,0.000183,0.000118,0.000765,0.000069,0.000015,0.000481,0.000157,0.000139,0.000869,0.000993,0.000001,0.000012,0.000051,0.00007,0.000587,0.000051,0.000018,0.000119,0.000188,0.000004,0.000007,0.000015,0.000006,0.000005,0.000011,0.000015,0.000013,0.000012,0.000012,0.000024,0.000016,0.000024,0.000019,0.00002,0.000013,0.000022,0.000019,0.000019,0.000023,0.000027,0.000024,0.000029,0.000013,0.000116,0.000008,0.000048,0.000029,0.000037,0.000028,0.000005,0.000007,0.000013,0.000013,0.00001,0.000008,0.000005,0.000003,0.000001,0.000013,0.000008,0.000023,0.000009,0.000031,0.00001,0.000011,0.000115,0.000005,0.000011,0.000024,0.000015,0.000017,0.000063,0.000038,0.001091,0.001383,0.000754,0.000033,0.001836,0.003559,0.00021,0.000011,0.000036,0.000018,0.000011,0.007158,0.021938,0.000032,0.000082,0.000887,0.000156,0.000045
"農業サービス",0.056844,0.053049,1.001232,0.000426,0.000443,0.000003,0.000004,0.010739,0.001584,0.00278,0.000996,0.000027,0.00001,0.000069,0.000012,0.000069,0.000021,0.000014,0.00004,0.000008,0.000002,0.000043,0.000015,0.000014,0.000087,0.000092,0,0.000002,0.000006,0.000008,0.000037,0.000006,0.000003,0.000013,0.000018,0.000001,0.000002,0.000003,0.000002,0.000001,0.000002,0.000003,0.000002,0.000003,0.000003,0.000004,0.000003,0.000004,0.000004,0.000004,0.000003,0.000004,0.000004,0.000003,0.000004,0.000004,0.000004,0.000004,0.000002,0.000111,0.000002,0.000047,0.000006,0.000135,0.000087,0.000001,0.000002,0.000004,0.000002,0.000008,0.000003,0.000002,0.000002,0.000001,0.000004,0.000002,0.000006,0.000002,0.000007,0.000003,0.000003,0.000023,0.000002,0.000005,0.000064,0.000005,0.000019,0.000056,0.000006,0.000514,0.000077,0.000122,0.000005,0.000314,0.00055,0.000127,0.000007,0.000037,0.000004,0.000004,0.001166,0.002917,0.00001,0.001305,0.000359,0.000029,0.00001
"林業",0.000421,0.000626,0.000102,1.146326,0.0005,0.0004,0.000207,0.000826,0.00016,0.000699,0.000032,0.000097,0.000132,0.128452,0.010803,0.003169,0.00091,0.000472,0.000081,0.000121,0.000017,0.000077,0.000061,0.000127,0.000095,0.000234,0.000006,0.000027,0.0001,0.000073,0.000495,0.000659,0.000085,0.001657,0.00037,0.000041,0.000061,0.000122,0.000058,0.000032,0.000239,0.000221,0.000125,0.000079,0.000079,0.000245,0.000084,0.000179,0.000121,0.00013,0.00009,0.000105,0.000115,0.000101,0.000102,0.000151,0.000118,0.000539,0.000185,0.003295,0.000052,0.006043,0.001886,0.000337,0.000583,0.000127,0.000076,0.000136,0.00007,0.00012,0.000078,0.000036,0.000049,0.000027,0.0001,0.000051,0.000176,0.000084,0.000247,0.000077,0.000162,0.000898,0.000036,0.000089,0.000147,0.000114,0.000133,0.000321,0.000067,0.000159,0.000146,0.000078,0.000119,0.000282,0.000354,0.000243,0.000062,0.000158,0.000073,0.000085,0.001323,0.002181,0.000102,0.000166,0.000302,0.001036,0.000074
"漁業",0.000138,0.00374,0.00024,0.000982,1.02895,0.000004,0.000009,0.043725,0.002625,0.009256,0.000011,0.000036,0.000015,0.000191,0.000033,0.000219,0.000065,0.000042,0.000071,0.000024,0.000005,0.000171,0.000056,0.000049,0.000455,0.000355,0.000001,0.000005,0.000018,0.000025,0.000061,0.000019,0.000007,0.000043,0.000067,0.000002,0.000003,0.000006,0.000003,0.000002,0.000004,0.000006,0.000005,0.000004,0.000005,0.000009,0.000006,0.000009,0.000007,0.000007,0.000005,0.000008,0.000007,0.000007,0.000009,0.00001,0.000009,0.00001,0.000005,0.000234,0.000003,0.000015,0.000011,0.000007,0.000006,0.000002,0.000003,0.000005,0.000006,0.000004,0.000003,0.000002,0.000002,0.000001,0.000005,0.000004,0.00001,0.000004,0.000015,0.000005,0.000004,0.000056,0.000002,0.000004,0.000011,0.000007,0.000007,0.000026,0.000019,0.000369,0.000047,0.000455,0.000014,0.001164,0.002388,0.00007,0.000005,0.000016,0.000007,0.000005,0.005128,0.01026,0.000013,0.000048,0.000615,0.000075,0.000018
"石炭･原油･天然ガス",0.000208,0.000203,0.000299,0.00014,0.000218,1.000494,0.000452,0.000251,0.000224,0.000166,0.000052,0.000552,0.000333,0.000242,0.000264,0.001129,0.000466,0.000383,0.000625,0.001149,0.000562,0.000596,0.000463,0.000903,0.000226,0.00032,0.00177,0.0003,0.000425,0.0004,0.000175,0.000604,0.000817,0.000591,0.000579,0.000632,0.000791,0.00114,0.000564,0.000375,0.000361,0.000381,0.000402,0.000291,0.00025,0.000227,0.000335,0.000331,0.000242,0.000237,0.000171,0.000268,0.000199,0.000191,0.000323,0.000351,0.000352,0.00041,0.000271,0.000229,0.000329,0.00019,0.000216,0.000194,0.000205,0.006483,0.010253,0.000407,0.00057,0.000226,0.000085,0.000148,0.00007,0.000011,0.000415,0.000164,0.000708,0.000124,0.000349,0.00012,0.000361,0.000125,0.000096,0.000136,0.000142,0.000082,0.00013,0.000195,0.000163,0.000228,0.000164,0.000143,0.000186,0.000241,0.000186,0.000125,0.000077,0.000163,0.000207,0.000085,0.000559,0.000421,0.000355,0.000297,0.000248,0.000395,0.000176
"その他の鉱業",0.00005,0.000119,0.000131,0.00035,-0.00002,0.000135,1.001463,0.000072,0.000218,0.000134,0.000019,0.000063,0.000062,0.000099,0.000403,0.001695,0.00046,0.000263,-0.001776,0.000961,-0.000313,0.00019,0.000042,0.000148,0.00026,0.000293,-0.001245,0.019462,0.000147,0.000186,0.000063,0.019405,0.063211,0.002019,0.032523,-0.001008,-0.000196,0.000777,-0.000097,0.011028,0.003136,0.000377,0.000326,0.000381,0.000271,0.000621,0.000431,0.000562,0.00047,0.000309,0.000276,0.000834,0.000324,0.000241,0.000452,0.000278,0.000302,0.000188,0.000273,0.000645,-0.000006,0.004429,0.003117,0.019688,0.017845,0.000436,0.000076,0.000288,0.000066,0.000025,0.000027,0.000027,0.000044,0.00004,0.000093,-0.000045,-0.000315,-0.000033,-0.00012,0.000001,0.00008,0.000072,0.000002,0.000037,0.000087,0.00003,0.000064,0.000146,0.000054,0.000079,0.000091,0.000065,0.000103,0.000054,0.000037,0.000048,0.000037,0.000073,0.000207,0.000021,0.000011,0.000041,0.000044,0.000075,0.000089,0.0006,0.000355
"食料品",0.002986,0.082345,0.005103,0.025903,0.041721,0.000083,0.000207,1.17819,0.070695,0.195719,0.000267,0.000876,0.000344,0.005065,0.000827,0.00587,0.001747,0.001124,0.000406,0.000613,0.000142,0.004577,0.00148,0.001292,0.008157,0.009544,0.000013,0.000135,0.000478,0.000652,0.001575,0.000475,0.000164,0.001135,0.001794,0.000058,0.000065,0.000137,0.000058,0.000041,0.000096,0.000135,0.000121,0.000105,0.000108,0.000219,0.000148,0.00022,0.000172,0.000176,0.000118,0.000201,0.000169,0.000171,0.000216,0.000248,0.000225,0.000262,0.000119,0.000936,0.00006,0.000386,0.000267,0.000133,0.000129,0.00004,0.000062,0.000114,0.000116,0.000076,0.000071,0.000038,0.000028,0.000012,0.000096,0.000063,0.00017,0.000062,0.000219,0.000081,0.000092,0.000771,0.000044,0.000088,0.000194,0.000128,0.000142,0.000565,0.000326,0.007765,0.000967,0.005461,0.0003,0.012111,0.023733,0.001831,0.00009,0.000309,0.000168,0.0001,0.047706,0.145619,0.000291,0.000368,0.005749,0.001457,0.000393
"飲料",0.000057,0.000532,0.000083,0.000092,0.014012,0.000051,0.000079,0.002951,1.046786,0.000601,0.000052,0.000029,0.000037,0.000062,0.000038,0.000055,0.000042,0.000034,0.000019,0.000028,0.000007,0.000036,0.000024,0.000046,0.000103,0.000056,0.000004,0.000018,0.000028,0.000037,0.000042,0.000048,0.000057,0.00003,0.000056,0.000028,0.000033,0.000064,0.000054,0.000024,0.000041,0.000036,0.000038,0.000049,0.000042,0.000031,0.000021,0.000022,0.000036,0.000028,0.000021,0.000037,0.000025,0.000025,0.000029,0.00003,0.000031,0.000085,0.000044,0.000041,0.000048,0.000082,0.000091,0.000042,0.000054,0.000023,0.000019,0.00005,0.000083,0.000143,0.000026,0.000036,0.000013,0.000004,0.000062,0.000069,0.000115,0.000077,0.000187,0.000041,0.000031,0.000666,0.000018,0.000025,0.000058,0.000021,0.000036,0.00004,0.000043,0.000373,0.000048,0.000689,0.000061,0.001553,0.003015,0.000041,0.000035,0.000039,0.000034,0.000031,0.025192,0.076001,0.000043,0.000026,0.00157,0.000064,0.003235
"飼料･有機質肥料(別掲を除く。)",0.01262,0.361027,0.023856,0.011692,0.050705,0.000008,0.000013,0.042548,0.002763,1.05291,0.00023,0.000103,0.000037,0.001391,0.000135,0.000249,0.000077,0.000049,0.00063,0.000029,0.000006,0.000173,0.000059,0.000053,0.000316,0.000353,0.000001,0.000004,0.000022,0.000028,0.000202,0.000026,0.000009,0.000059,0.000071,0.000002,0.000004,0.000008,0.000005,0.000003,0.000008,0.00001,0.000008,0.000007,0.000007,0.000013,0.000009,0.000012,0.00001,0.000011,0.000008,0.000011,0.00001,0.00001,0.000012,0.000013,0.000013,0.000018,0.000008,0.000101,0.000004,0.000082,0.000031,0.000169,0.000031,0.000004,0.000005,0.000008,0.000006,0.000028,0.000005,0.000003,0.000003,0.000001,0.000007,0.000004,0.000014,0.000005,0.000015,0.000006,0.000006,0.000053,0.000003,0.000008,0.000066,0.000009,0.000023,0.00007,0.000016,0.000707,0.004113,0.000304,0.000014,0.000723,0.001349,0.000096,0.000007,0.000044,0.00001,0.000007,0.002722,0.007945,0.000016,0.001234,0.000376,0.000075,0.00002
"たばこ",0,0,0,0,0,0,0,0,0,0,1,0,0,0,0,0,0,0,0,0,0,0,0,0,0,0,0,0,0,0,0,0,0,0,0,0,0,0,0,0,0,0,0,0,0,0,0,0,0,0,0,0,0,0,0,0,0,0,0,0,0,0,0,0,0,0,0,0,0,0,0,0,0,0,0,0,0,0,0,0,0,0,0,0,0,0,0,0,0,0,0,0,0,0,0,0,0,0,0,0,0,0,0,0,0,0,0
"繊維工業製品",0.001299,0.000624,0.001142,0.002193,0.016513,0.000736,0.000942,0.001336,0.00074,0.000485,0.000297,1.171445,0.169614,0.001193,0.006125,0.003006,0.00431,0.001266,0.001657,0.000449,0.000091,0.00031,0.000294,0.012207,0.000553,0.000617,0.000045,0.000221,0.001323,0.007005,0.03156,0.002942,0.000547,0.001143,0.003037,0.000217,0.000292,0.0005,0.000378,0.000229,0.001109,0.000734,0.000795,0.000606,0.001019,0.000953,0.002156,0.001193,0.000827,0.003735,0.000755,0.001127,0.001231,0.00088,0.001717,0.001354,0.001774,0.00396,0.000959,0.004629,0.000832,0.001055,0.00296,0.000664,0.0006,0.00024,0.000302,0.000732,0.00057,0.001014,0.000488,0.000195,0.000156,0.000072,0.000946,0.00041,0.000774,0.002692,0.000774,0.000939,0.000745,0.000987,0.000425,0.000406,0.000707,0.000874,0.00069,0.001077,0.000673,0.000198,0.000579,0.000654,0.003388,0.001188,0.000736,0.003961,0.000809,0.000683,0.001022,0.00084,0.00154,0.000651,0.000989,0.002974,0.001223,0.010515,0.000634
"衣服･その他の繊維既製品",0.004561,0.001679,0.00423,0.0005,0.003183,0.003203,0.003998,0.002179,0.001208,0.000985,0.000309,0.002667,1.011167,0.002009,0.00264,0.002478,0.002159,0.001142,0.002179,0.001282,0.000211,0.000913,0.000882,0.001226,0.001518,0.001514,0.00008,0.000536,0.001007,0.002535,0.001883,0.00338,0.001722,0.004557,0.002382,0.000436,0.000836,0.001553,0.001222,0.00049,0.001118,0.001625,0.001441,0.001663,0.001416,0.001703,0.002682,0.00399,0.002669,0.004918,0.001886,0.001651,0.002625,0.002077,0.002363,0.001519,0.001377,0.00172,0.001042,0.003405,0.002279,0.002836,0.002432,0.001609,0.001816,0.000553,0.000757,0.001602,0.002058,0.003098,0.001733,0.000516,0.000352,0.000167,0.001478,0.00126,0.001864,0.00179,0.00228,0.000665,0.000997,0.001781,0.001581,0.001001,0.001763,0.001492,0.001974,0.002347,0.002382,0.000395,0.001578,0.002318,0.004123,0.005008,0.002575,0.020627,0.002727,0.001691,0.001835,0.001935,0.003525,0.001464,0.003705,0.003625,0.003301,0.002606,0.001517
"木材･木製品",0.000783,0.004281,0.000753,0.007206,0.002476,0.001278,0.001481,0.001484,0.000963,0.003308,0.000202,0.000781,0.0011,1.141007,0.095753,0.022969,0.006771,0.003461,0.000684,0.000664,0.000135,0.000626,0.000497,0.000999,0.000728,0.00109,0.000047,0.000215,0.000835,0.000595,0.002081,0.005725,0.000704,0.014581,0.003187,0.000356,0.000529,0.001055,0.000499,0.00027,0.002098,0.001941,0.001079,0.000674,0.000676,0.002138,0.000712,0.001525,0.001016,0.001106,0.00077,0.000882,0.000971,0.000853,0.000874,0.001299,0.001011,0.004739,0.001618,0.027776,0.00044,0.053565,0.016579,0.0021,0.004889,0.001103,0.000634,0.001181,0.000597,0.001037,0.000662,0.000302,0.000424,0.000236,0.000868,0.000435,0.00154,0.000733,0.002159,0.000652,0.001394,0.007899,0.000305,0.000754,0.001203,0.000941,0.001121,0.002472,0.000533,0.000554,0.001205,0.000502,0.001002,0.001177,0.000705,0.002068,0.000529,0.001248,0.00062,0.000722,0.001544,0.000984,0.000858,0.001429,0.001426,0.008019,0.000624
"家具･装備品",0.000594,0.000599,0.000623,0.000413,0.001019,0.00375,0.002041,0.000978,0.001103,0.000579,0.000348,0.001403,0.001345,0.000776,1.008314,0.001967,0.001663,0.00115,0.001456,0.001624,0.000272,0.001244,0.001054,0.001488,0.002123,0.001325,0.00009,0.000414,0.001636,0.001771,0.000711,0.001002,0.001369,0.005354,0.0017,0.000582,0.00078,0.001615,0.000734,0.000403,0.000806,0.000997,0.000775,0.000912,0.000934,0.00108,0.001532,0.002009,0.001441,0.00179,0.001474,0.001291,0.0028,0.00327,0.001154,0.001205,0.001111,0.006253,0.001168,0.003679,0.000875,0.008839,0.019421,0.000865,0.000806,0.001311,0.001247,0.004437,0.002937,0.001591,0.00284,0.001058,0.001735,0.000531,0.001204,0.000723,0.001352,0.001161,0.001644,0.000904,0.002885,0.002688,0.000577,0.003612,0.002276,0.00372,0.004779,0.002898,0.001449,0.002243,0.004224,0.002206,0.001262,0.007394,0.003666,0.014172,0.001865,0.002299,0.001001,0.002355,0.00359,0.002822,0.00143,0.0041,0.003864,0.001676,0.001377
"パルプ･紙･板紙･加工紙",0.014885,0.006963,0.014093,0.003734,0.00348,0.0021,0.002984,0.012182,0.014104,0.004306,0.006757,0.005907,0.009957,0.017944,0.027067,1.399882,0.346022,0.189643,0.00354,0.004887,0.000592,0.002258,0.003511,0.026204,0.014602,0.016298,0.000248,0.000997,0.009426,0.007295,0.006968,0.026566,0.003335,0.032393,0.016165,0.001112,0.001473,0.002146,0.002357,0.001079,0.003492,0.002626,0.004347,0.003887,0.003194,0.00596,0.006199,0.013551,0.011348,0.010486,0.004843,0.010032,0.008466,0.00752,0.004616,0.004115,0.004654,0.003256,0.003161,0.024341,0.003391,0.009061,0.007807,0.003268,0.002478,0.001653,0.002182,0.004105,0.003611,0.005264,0.007862,0.002451,0.001859,0.000821,0.003077,0.002783,0.004661,0.002502,0.006332,0.006191,0.009086,0.017269,0.004013,0.00653,0.022712,0.013662,0.012225,0.093896,0.004517,0.005345,0.014959,0.004381,0.008922,0.009185,0.006081,0.01698,0.002701,0.034171,0.004242,0.006394,0.006568,0.006211,0.005016,0.006183,0.004157,0.275108,0.004712
"紙加工品",0.038893,0.015132,0.034733,0.006913,0.004117,0.001063,0.001929,0.022867,0.030997,0.00696,0.005937,0.00434,0.006614,0.004033,0.013349,0.003651,1.015173,0.003637,0.005048,0.002752,0.000448,0.002985,0.00449,0.009998,0.023297,0.022387,0.000159,0.000826,0.004491,0.002534,0.010404,0.015751,0.004525,0.026116,0.005791,0.000622,0.00081,0.001147,0.001963,0.000632,0.001423,0.001679,0.004495,0.002118,0.002052,0.005358,0.002888,0.006918,0.004072,0.007082,0.002958,0.0074,0.004338,0.003239,0.002485,0.00229,0.002646,0.00222,0.001852,0.008506,0.002412,0.002128,0.003939,0.002251,0.001512,0.000662,0.000728,0.001563,0.002417,0.007725,0.003125,0.001031,0.0007,0.0003,0.001681,0.001562,0.003007,0.001856,0.003423,0.002787,0.003074,0.008287,0.001956,0.002025,0.002467,0.002207,0.002632,0.003181,0.001757,0.001784,0.005091,0.005122,0.005138,0.00917,0.007311,0.004874,0.001213,0.002939,0.002431,0.002019,0.005132,0.010266,0.002968,0.002263,0.003607,0.299842,0.001946
"印刷･製版･製本",0.003013,0.003408,0.003316,0.00175,0.003291,0.00341,0.003816,0.015027,0.006784,0.004421,0.00363,0.003065,0.007245,0.003628,0.007238,0.003549,0.016716,1.054163,0.002633,0.002801,0.000752,0.002157,0.001899,0.007009,0.008483,0.013209,0.000308,0.001252,0.002867,0.00357,0.003408,0.008783,0.002447,0.004973,0.002683,0.001235,0.001674,0.003573,0.002247,0.00138,0.002724,0.002926,0.005943,0.003957,0.003898,0.007592,0.009153,0.005771,0.004471,0.016348,0.005596,0.003404,0.01075,0.008405,0.004918,0.004363,0.003625,0.004447,0.005659,0.010637,0.005425,0.003601,0.00412,0.003283,0.002836,0.003253,0.005732,0.007057,0.005675,0.008908,0.020674,0.004096,0.003199,0.001645,0.004679,0.003321,0.004513,0.002643,0.005527,0.004469,0.00367,0.010251,0.009282,0.01409,0.02702,0.011953,0.02188,0.100686,0.010123,0.007349,0.024291,0.005433,0.009661,0.011546,0.003752,0.047701,0.00426,0.073416,0.004441,0.006001,0.005022,0.006152,0.005696,0.010932,0.006798,0.009147,0.006099
"化学肥料",0.048078,0.003812,0.00106,0.000382,0.000291,0.000038,0.0001,0.004712,0.00122,0.001643,0.000911,0.000436,0.000275,0.000252,0.000142,0.000388,0.000315,0.000232,1.03749,0.006853,0.000227,0.00896,0.004797,0.00256,0.001836,0.003768,0.00001,-0.003171,0.000944,0.001257,0.000177,0.000378,0.000065,0.000133,0.000386,-0.002827,-0.001099,-0.000468,-0.000599,0.000124,0.000124,-0.000141,-0.000098,-0.000039,-0.000006,0.000125,0.000179,0.000123,0.000054,0.000132,0.000078,0.00045,0.000132,0.000122,0.000088,0.00008,0.000109,-0.000048,0.000039,0.000349,0.000036,0.000082,0.000066,0.000472,0.000259,0.000088,0.000125,0.000127,0.000097,0.000036,0.000026,0.000029,0.000012,0.000004,0.00003,0.000034,0.000056,0.000031,0.000039,0.000019,0.000046,0.000058,0.000014,0.000024,0.000065,0.000036,0.00004,0.000104,0.000029,0.000147,0.00012,0.000316,0.000191,0.000264,0.000372,0.000154,0.000047,0.000084,0.000117,0.000034,0.000777,0.001722,0.000145,0.000284,0.000946,0.000267,0.001387
"無機化学工業製品",0.005353,0.003188,0.004124,0.00068,0.00272,0.000766,0.001471,0.00585,0.006063,0.003991,0.000668,0.019588,0.00557,0.002574,0.003591,0.016807,0.006965,0.004223,0.03416,1.102419,0.008148,0.041598,0.026735,0.023021,0.027243,0.044376,0.000109,0.0009,0.009464,0.035921,0.003247,0.022742,0.001767,0.013073,0.005107,0.008891,0.007779,0.003964,0.004713,0.002956,0.003437,0.00715,0.002899,0.00332,0.002695,0.003742,0.010911,0.005315,0.003454,0.008494,0.00387,0.01179,0.006267,0.00529,0.00352,0.003694,0.00328,0.005423,0.002673,0.006037,0.001027,0.00191,0.002454,0.001818,0.002484,0.000367,0.000374,0.008814,0.005215,0.000362,0.000348,0.000179,0.000145,0.000063,0.000567,0.000411,0.001368,0.000351,0.000683,0.000341,0.001406,0.000933,0.000207,0.00041,0.000836,0.000567,0.000584,0.002158,0.000707,0.000401,0.004651,0.004143,0.01421,0.001319,0.001001,0.000975,0.000727,0.00148,0.003535,0.000434,0.001407,0.002099,0.003891,0.001458,0.00081,0.006129,0.001945
"石油化学系基礎製品",0.004865,0.001571,0.002069,0.001375,0.001827,0.000795,0.001863,0.003174,0.004052,0.001311,0.001693,0.009863,0.007638,0.004774,0.0053,0.009237,0.009637,0.006231,0.023833,0.015387,1.220351,0.332939,0.355394,0.082744,0.017842,0.063573,0.00031,0.001311,0.056132,0.03909,0.007131,0.007579,0.00128,0.001573,0.010419,0.000485,0.000563,0.000942,0.00046,0.000415,0.003241,0.001421,0.001236,0.001605,0.001814,0.005076,0.00514,0.004404,0.004221,0.006541,0.002427,0.007885,0.00483,0.00423,0.005869,0.005402,0.006408,0.002679,0.002207,0.009128,0.00053,0.001682,0.002353,0.001282,0.001582,0.00034,0.000698,0.00281,0.000791,0.000621,0.000525,0.000225,0.000229,0.000093,0.000381,0.000405,0.001523,0.000315,0.000723,0.000429,0.000607,0.000895,0.000223,0.000393,0.000842,0.001044,0.000664,0.002088,0.000502,0.000381,0.003783,0.002765,0.001898,0.00091,0.000633,0.001311,0.000887,0.001602,0.003918,0.000609,0.001027,0.001301,0.002267,0.000919,0.000883,0.008039,0.001377
"有機化学工業製品(石油化学系基礎製品･合成樹脂を除く。)",0.008135,0.003646,0.00555,0.002544,0.003659,0.001955,0.00468,0.00751,0.009346,0.003506,0.004931,0.02959,0.023191,0.009429,0.010728,0.026274,0.023426,0.012476,0.008944,0.027568,0.023248,1.250824,0.367705,0.280311,0.058528,0.127974,0.000438,0.003636,0.085276,0.137783,0.011734,0.018175,0.003052,0.004026,0.033128,0.001386,0.001404,0.002178,0.001096,0.001113,0.006192,0.003072,0.002576,0.003868,0.004408,0.009713,0.011549,0.008264,0.008165,0.012545,0.00542,0.013616,0.008804,0.007625,0.010992,0.011384,0.011703,0.005894,0.004583,0.016291,0.001137,0.003365,0.004689,0.002673,0.00331,0.000768,0.000811,0.004853,0.001752,0.001197,0.00102,0.000443,0.000429,0.000175,0.000815,0.000974,0.003851,0.000761,0.001534,0.000925,0.001235,0.00205,0.000511,0.000817,0.001799,0.001948,0.001391,0.004649,0.001114,0.000942,0.006232,0.008255,0.004464,0.002129,0.001437,0.003049,0.002048,0.00324,0.009957,0.001227,0.002172,0.002782,0.004942,0.001933,0.00185,0.017792,0.002412
"合成樹脂",0.002578,0.001258,0.001335,0.002447,0.002572,0.000678,0.000879,0.003282,0.005368,0.000963,0.000684,0.004404,0.003747,0.005318,0.006502,0.004562,0.010201,0.007607,0.001623,0.001641,0.000198,0.000834,1.00313,0.021173,0.005274,0.017085,0.000064,0.000357,0.129257,0.006189,0.015081,0.004455,0.000723,0.001113,0.003268,0.000245,0.000332,0.000539,0.000359,0.000275,0.00575,0.001296,0.001299,0.001577,0.001821,0.008111,0.00705,0.00687,0.007154,0.011574,0.003063,0.015386,0.008644,0.007411,0.009885,0.007307,0.011213,0.002167,0.003003,0.014538,0.00066,0.002075,0.003081,0.001657,0.002104,0.000329,0.000324,0.005298,0.000709,0.000994,0.000776,0.000306,0.000356,0.000146,0.000461,0.000377,0.001282,0.000279,0.000849,0.000556,0.000825,0.001044,0.00023,0.000463,0.000888,0.001687,0.000756,0.001901,0.000555,0.000356,0.001825,0.001218,0.000958,0.0007,0.000535,0.001275,0.000784,0.001729,0.003749,0.000586,0.001053,0.001417,0.001222,0.001013,0.000646,0.010061,0.002396
"化学繊維",0.000378,0.000165,0.000345,0.000186,0.001279,0.000252,0.000309,0.00024,0.000164,0.000114,0.011272,0.075149,0.065815,0.000331,0.001222,0.001604,0.000742,0.000337,0.000267,0.000232,0.000022,0.000093,0.000085,1.000968,0.000168,0.000171,0.000008,0.000243,0.000448,0.00072,0.003333,0.001148,0.000243,0.000507,0.006466,0.000144,0.000143,0.000257,0.000141,0.000112,0.000181,0.000186,0.000171,0.000195,0.000199,0.000571,0.000354,0.000364,0.000267,0.000563,0.000208,0.000253,0.000284,0.000224,0.000307,0.000223,0.000244,0.0004,0.000154,0.008445,0.000191,0.000313,0.000489,0.000207,0.000244,0.00006,0.000073,0.000202,0.00017,0.000253,0.000149,0.000052,0.000039,0.000018,0.000156,0.000107,0.000177,0.000282,0.000195,0.000114,0.000125,0.000194,0.000125,0.000113,0.000206,0.000218,0.000199,0.000369,0.000198,0.000062,0.000214,0.000189,0.000471,0.000391,0.000216,0.00144,0.000235,0.00022,0.000212,0.000199,0.000324,0.000155,0.000298,0.000432,0.0003,0.001948,0.000283
"医薬品",0.002158,0.0111,0.035051,0.000089,0.004773,0.00006,0.000072,0.001848,0.000172,0.002497,0.000111,0.000051,0.000085,0.00009,0.000063,0.000072,0.000063,0.000071,0.000056,0.000067,0.000021,0.000046,0.000038,0.000077,1.035555,0.00137,0.000007,0.00003,0.000032,0.000041,0.000034,0.000047,0.000071,0.000029,0.000075,0.000029,0.00003,0.00006,0.000039,0.000024,0.000036,0.000037,0.000036,0.000039,0.000034,0.000041,0.000025,0.00003,0.000031,0.000027,0.000022,0.000039,0.000028,0.00003,0.000037,0.000044,0.000038,0.000086,0.000058,0.000058,0.000085,0.000066,0.000073,0.00006,0.000072,0.000086,0.000035,0.000087,0.004826,0.000035,0.000045,0.000028,0.000013,0.000005,0.000143,0.00006,0.000033,0.000069,0.000054,0.000035,0.000435,0.000087,0.000842,0.000097,0.000097,0.000019,0.000066,0.000059,0.000466,0.000096,0.000858,0.122968,0.016466,0.007771,0.001681,0.000042,0.00003,0.00006,0.000037,0.000022,0.00041,0.000466,0.00012,0.000151,0.000132,0.000061,0.002049
"化学最終製品(医薬品を除く。)",0.045037,0.00736,0.007544,0.002202,0.006581,0.003769,0.015659,0.008345,0.004675,0.002866,0.003632,0.020703,0.013313,0.038082,0.031376,0.017314,0.025401,0.036338,0.003254,0.011083,0.005779,0.010854,0.010788,0.018871,0.009112,1.08574,0.000748,0.01277,0.009793,0.011868,0.004394,0.006614,0.011129,0.004019,0.015557,0.001807,0.002788,0.007092,0.002153,0.000868,0.003655,0.009509,0.00829,0.004925,0.00605,0.01507,0.005288,0.007735,0.007449,0.00673,0.005911,0.008943,0.008411,0.010143,0.015581,0.01961,0.016522,0.021389,0.007846,0.025602,0.001738,0.00982,0.012216,0.004896,0.005584,0.001667,0.003771,0.003924,0.004174,0.001584,0.001988,0.001032,0.000863,0.000353,0.001612,0.001443,0.004084,0.001165,0.002739,0.001215,0.00209,0.002799,0.000869,0.002052,0.00479,0.003334,0.003669,0.01232,0.002166,0.001183,0.006745,0.003371,0.012038,0.005916,0.003981,0.006329,0.005562,0.011354,0.010796,0.005324,0.006066,0.005943,0.026332,0.005185,0.008382,0.022179,0.003004
"石油製品",0.034203,0.019463,0.015046,0.026594,0.060082,0.023952,0.113553,0.019911,0.012441,0.015108,0.003728,0.024495,0.014904,0.018295,0.013876,0.02342,0.017283,0.012768,0.042015,0.028804,0.269658,0.089289,0.087663,0.036691,0.012861,0.027354,1.040416,0.106429,0.020679,0.021343,0.013689,0.032403,0.037102,0.045552,0.034405,0.015434,0.017185,0.018429,0.015785,0.011607,0.011419,0.014888,0.013074,0.010395,0.009629,0.010886,0.009585,0.010265,0.009681,0.010015,0.006866,0.010488,0.007488,0.008406,0.011866,0.011641,0.012459,0.013786,0.011478,0.021557,0.042009,0.017474,0.020003,0.03097,0.020947,0.036421,0.020758,0.021869,0.025028,0.017097,0.006437,0.005788,0.003854,0.001026,0.009185,0.06137,0.353835,0.049904,0.152281,0.030901,0.006751,0.007352,0.016044,0.007573,0.01053,0.009738,0.00816,0.014165,0.016012,0.008019,0.013869,0.008415,0.009895,0.008195,0.007994,0.012752,0.009267,0.013343,0.013144,0.006639,0.020481,0.013324,0.016653,0.019925,0.016571,0.018599,0.032606
"石炭製品",0.000816,0.000652,0.000981,0.000359,0.000698,0.002135,0.001438,0.000733,0.000918,0.000493,0.000171,0.001402,0.001016,0.000874,0.003011,0.003362,0.001434,0.001221,0.006326,0.00478,0.00064,0.004884,0.002113,0.003057,0.000866,0.001466,0.000201,1.040675,0.001564,0.001769,0.000619,0.001693,0.002722,0.001602,0.010786,0.061257,0.043867,0.02627,0.024935,0.002679,0.001653,0.009925,0.007412,0.005384,0.004553,0.001901,0.001335,0.001723,0.003419,0.002905,0.001056,0.002097,0.001324,0.00107,0.003979,0.004484,0.003585,0.008969,0.003096,0.001258,0.001038,0.003005,0.002659,0.030218,0.016222,0.022959,0.000599,0.001442,0.001989,0.000582,0.000248,0.000426,0.000239,0.000054,0.001579,0.000244,0.000626,0.000262,0.00058,0.000246,0.001283,0.000504,0.000221,0.000426,0.000443,0.000243,0.000399,0.000601,0.000478,0.000623,0.000472,0.000421,0.000521,0.000616,0.00045,0.000533,0.000327,0.000491,0.001402,0.00021,0.001254,0.001256,0.000878,0.000917,0.000723,0.001325,0.000684
"プラスチック製品",0.017655,0.010073,0.010081,0.022481,0.02273,0.005058,0.005262,0.029192,0.049538,0.007967,0.003446,0.009211,0.018505,0.018326,0.048733,0.011985,0.057544,0.059705,0.014666,0.01348,0.001087,0.006206,0.004736,0.012448,0.048551,0.040406,0.000474,0.001608,1.252483,0.05218,0.07189,0.034011,0.004461,0.007369,0.007622,0.001493,0.002081,0.003183,0.002466,0.002026,0.01083,0.007051,0.00734,0.011181,0.013405,0.04485,0.027869,0.02845,0.030636,0.060894,0.017762,0.099983,0.055844,0.050674,0.065811,0.042588,0.059447,0.013107,0.02377,0.092143,0.005454,0.015482,0.025243,0.014089,0.017293,0.002356,0.002289,0.049831,0.005416,0.008584,0.006583,0.002453,0.003102,0.001276,0.003557,0.002659,0.009151,0.001921,0.006656,0.004625,0.006997,0.00842,0.001707,0.003506,0.006491,0.014807,0.00575,0.01326,0.00419,0.002674,0.015406,0.009759,0.004563,0.004835,0.003814,0.009847,0.005199,0.013535,0.024367,0.004392,0.008576,0.012071,0.00803,0.008238,0.004433,0.073275,0.007745
"ゴム製品",0.002796,0.002037,0.00705,0.002406,0.001643,0.007052,0.007406,0.001375,0.000942,0.000779,0.000299,0.001347,0.003724,0.001657,0.002246,0.001422,0.002102,0.001322,0.002173,0.001779,0.000999,0.002744,0.002039,0.00144,0.002313,0.001414,0.000162,0.001008,0.001978,1.039373,0.005884,0.00144,0.003718,0.001847,0.002216,0.001572,0.002287,0.002442,0.001775,0.000768,0.001092,0.004373,0.002045,0.009449,0.016775,0.012244,0.005407,0.002381,0.010699,0.009008,0.002958,0.00418,0.008328,0.003997,0.021455,0.035103,0.023769,0.012451,0.01147,0.007116,0.002581,0.001876,0.002163,0.004944,0.005974,0.001828,0.000658,0.003289,0.00253,0.00099,0.00064,0.000416,0.000305,0.000089,0.001231,0.003322,0.016794,0.002051,0.002346,0.001795,0.001304,0.000954,0.000669,0.000784,0.001266,0.001329,0.001314,0.001147,0.0023,0.000536,0.001325,0.001732,0.001875,0.001468,0.001367,0.005891,0.005842,0.001137,0.044842,0.000633,0.001679,0.000967,0.001386,0.00296,0.001283,0.011669,0.001594
"なめし革･革製品･毛皮",0.000052,0.000029,0.000034,0.000044,0.000103,0.000047,0.000989,0.000044,0.000034,0.000029,0.000014,0.000064,0.001766,0.000127,0.000584,0.000052,0.00006,0.000098,0.00005,0.000032,0.000021,0.000026,0.000025,0.000062,0.000044,0.000223,0.000001,0.000114,0.000089,0.000122,1.107507,0.000068,0.000135,0.000198,0.000093,0.000028,0.000042,0.000159,0.000039,0.000025,0.000035,0.000145,0.000041,0.000041,0.000119,0.000357,0.000085,0.000096,0.000052,0.000047,0.000092,0.00004,0.000181,0.000052,0.000088,0.000082,0.000083,0.00007,0.000069,0.001614,0.000049,0.000062,0.000087,0.00007,0.000088,0.000032,0.00082,0.000065,0.000067,0.000065,0.000058,0.000025,0.000018,0.000006,0.000099,0.000031,0.000051,0.000028,0.000046,0.000022,0.00003,0.000047,0.000193,0.000798,0.000137,0.000048,0.000477,0.000078,0.00012,0.000033,0.000161,0.000036,0.000086,0.000065,0.00004,0.000366,0.000161,0.000106,0.000059,0.000071,0.000218,0.000054,0.000186,0.000104,0.000312,0.000223,0.000409
"ガラス･ガラス製品",0.000524,0.000347,0.000526,0.000801,0.000447,0.000329,0.000508,0.00096,0.008635,0.000283,0.000082,0.000651,0.00095,0.000554,0.013704,0.000407,0.000467,0.00051,0.000281,0.001542,0.000138,0.000825,0.000413,0.000446,0.00727,0.006008,0.000024,0.00016,0.003712,0.001013,0.000413,1.038967,0.000346,0.000338,0.00198,0.000158,0.000188,0.000283,0.000168,0.000116,0.005135,0.001031,0.001065,0.000921,0.000619,0.016797,0.006116,0.00771,0.001184,0.003347,0.002422,0.01239,0.002542,0.002089,0.010951,0.004575,0.000852,0.0012,0.007831,0.008347,0.000224,0.003509,0.002542,0.000371,0.00052,0.000244,0.000153,0.000519,0.000384,0.000228,0.000155,0.000091,0.000094,0.000043,0.000527,0.000243,0.001112,0.000137,0.00096,0.000154,0.000263,0.00023,0.00009,0.000182,0.000304,0.000301,0.000293,0.000387,0.000352,0.000404,0.002002,0.001384,0.003257,0.000551,0.00041,0.000605,0.000664,0.000334,0.004591,0.000179,0.000977,0.001165,0.000394,0.000719,0.000302,0.001818,0.001275
"セメント･セメント製品",0.00026,0.000182,0.000157,0.000212,0.000118,0.001093,0.00044,0.000153,0.00013,0.00011,0.000046,0.00027,0.000217,0.000163,0.000223,0.000503,0.000326,0.000213,0.000212,0.000406,0.000136,0.000324,0.00037,0.000542,0.00017,0.000283,0.000025,0.000215,0.000303,0.000192,0.000129,0.000305,1.116673,0.000312,0.001606,0.000433,0.000445,0.000585,0.000377,0.000227,0.000242,0.000401,0.000362,0.00023,0.000207,0.00018,0.000191,0.000347,0.000226,0.000204,0.000166,0.000215,0.000206,0.000173,0.000172,0.000193,0.000182,0.000256,0.000206,0.000688,0.000125,0.034108,0.040258,0.066515,0.042899,0.000614,0.001054,0.0014,0.000457,0.000209,0.000166,0.000224,0.000517,0.000531,0.000692,0.000097,0.000626,0.000132,0.000183,0.000244,0.00057,0.000527,0.000102,0.000276,0.000615,0.000098,0.0005,0.000243,0.000408,0.000327,0.000278,0.000155,0.00015,0.000235,0.000162,0.000155,0.000129,0.0003,0.000147,0.000109,0.000256,0.000192,0.000213,0.000262,0.000207,0.000317,0.000971
"陶磁器",0.000221,0.000086,0.000081,0.000085,0.000069,0.000113,0.000182,0.000084,0.000198,0.000071,0.000034,0.000064,0.000061,0.000092,0.001625,0.000082,0.000066,0.00007,0.000065,0.000316,0.000027,0.000091,0.000064,0.000082,0.000066,0.000114,0.000009,0.000041,0.00014,0.000087,0.00006,0.00008,0.000158,1.005282,0.000096,0.000056,0.000063,0.000095,0.000067,0.000045,0.00007,0.000091,0.000375,0.000433,0.00045,0.0025,0.008245,0.045219,0.003223,0.002083,0.006117,0.001282,0.005841,0.004573,0.0007,0.000599,0.000977,0.000267,0.00022,0.000551,0.000177,0.003966,0.000829,0.000339,0.000554,0.000102,0.000051,0.000139,0.000293,0.000118,0.00005,0.000038,0.00003,0.000013,0.000065,0.000125,0.000482,0.000118,0.0001,0.000071,0.000067,0.000078,0.000031,0.000062,0.000143,0.000092,0.000109,0.000137,0.000217,0.000144,0.000149,0.000242,0.000331,0.00113,0.000781,0.000267,0.00027,0.0001,0.002043,0.000049,0.001147,0.000271,0.000066,0.000089,0.000246,0.001172,0.001258
"その他の窯業･土石製品",0.003795,0.003006,0.002946,0.000277,0.000538,0.00164,0.000501,0.001116,0.000745,0.002683,0.000149,0.000602,0.000356,0.00049,0.002204,0.002524,0.000878,0.000562,0.005082,0.019926,0.000267,0.001726,0.001356,0.001072,0.00201,0.001861,0.000043,0.00351,0.000759,0.001316,0.000366,0.013441,0.016839,0.019863,1.038666,0.015482,0.009,0.018174,0.005131,0.01113,0.004876,0.005899,0.004443,0.008173,0.005726,0.003067,0.007407,0.005044,0.005939,0.003649,0.00351,0.006651,0.00343,0.003375,0.004671,0.003469,0.004028,0.004279,0.001971,0.003668,0.000194,0.008058,0.016084,0.005764,0.010948,0.000463,0.000562,0.005702,0.000389,0.000261,0.000163,0.000154,0.00023,0.00018,0.000479,0.000172,0.000786,0.000191,0.000373,0.000211,0.000357,0.000392,0.000108,0.000236,0.000461,0.00018,0.000364,0.00051,0.000389,0.001263,0.000608,0.000466,0.00052,0.000329,0.000278,0.000277,0.000335,0.000348,0.00194,0.000139,0.00046,0.00058,0.000404,0.000862,0.00087,0.006117,0.001724
"銑鉄･粗鋼",0.001252,0.001004,0.000857,0.00084,0.005762,0.010469,0.004744,0.001494,0.006849,0.000827,0.000229,0.000879,0.001302,0.002497,0.042752,0.001396,0.001123,0.000861,0.000734,0.002884,0.000384,0.001601,0.001204,0.001323,0.002348,0.002691,0.000155,0.000679,0.002895,0.006853,0.002211,0.002367,0.014162,0.004813,0.005019,1.534527,0.808942,0.293771,0.452935,0.000787,0.002221,0.168459,0.119127,0.081205,0.068425,0.022191,0.004472,0.012806,0.04904,0.041108,0.009303,0.023285,0.013003,0.008823,0.056056,0.066741,0.044292,0.145087,0.035788,0.010781,0.001045,0.032784,0.037692,0.024049,0.042269,0.001352,0.001405,0.002987,0.001053,0.000958,0.000543,0.000435,0.000672,0.000478,0.002827,0.001015,0.004489,0.002668,0.004537,0.000836,0.00125,0.002968,0.000369,0.00078,0.001204,0.000827,0.001218,0.000983,0.001843,0.000677,0.001042,0.000903,0.000818,0.001024,0.000682,0.00149,0.002252,0.00088,0.01568,0.000509,0.001211,0.001537,0.000921,0.000915,0.001289,0.002878,0.005002
"鋼材",0.00191,0.001549,0.001299,0.001257,0.008942,0.016581,0.007215,0.002334,0.01097,0.001286,0.00035,0.001356,0.002043,0.003929,0.067661,0.002181,0.001758,0.001338,0.001127,0.004422,0.00059,0.002487,0.001879,0.002062,0.003722,0.004268,0.00024,0.00106,0.004534,0.01091,0.003463,0.003668,0.022462,0.006741,0.007827,0.001366,1.290993,0.103486,0.715735,0.001222,0.003489,0.264253,0.191543,0.117841,0.100063,0.033833,0.007022,0.020136,0.074223,0.065621,0.014001,0.037597,0.020782,0.013516,0.083121,0.10157,0.05915,0.226724,0.051983,0.016677,0.001587,0.051749,0.060627,0.03792,0.063801,0.00207,0.002231,0.004586,0.001593,0.001495,0.000837,0.000676,0.001064,0.000765,0.004232,0.00152,0.006611,0.004172,0.006692,0.001287,0.001963,0.004693,0.000561,0.001211,0.00187,0.001251,0.001886,0.001521,0.002857,0.001055,0.001599,0.001406,0.001244,0.00159,0.001057,0.002325,0.003294,0.001358,0.022496,0.000783,0.001875,0.002411,0.00143,0.001411,0.002013,0.004458,0.007619
"鋳鍛造品(鉄)",0.000318,0.000216,0.000243,0.000278,0.001345,0.000652,0.001274,0.000254,0.000448,0.000148,0.000055,0.000178,0.000175,0.000294,0.001373,0.000226,0.000169,0.000153,0.000176,0.000359,0.000086,0.000292,0.0002,0.000226,0.000237,0.000253,0.00003,0.000146,0.000335,0.00035,0.000343,0.000456,0.00056,0.002891,0.000771,0.000162,0.000185,1.006348,0.000181,0.000138,0.000177,0.014605,0.006092,0.035683,0.030352,0.006487,0.000547,0.001239,0.013261,0.002846,0.00268,0.001873,0.001379,0.002,0.019373,0.018169,0.033725,0.031162,0.017059,0.002055,0.000297,0.001941,0.00237,0.002077,0.010839,0.000335,0.000149,0.000696,0.000299,0.000161,0.00011,0.00008,0.000075,0.000037,0.000996,0.000332,0.001779,0.000523,0.001836,0.000184,0.000179,0.000241,0.0001,0.000137,0.000228,0.000228,0.000237,0.000192,0.000377,0.000113,0.000234,0.00016,0.000217,0.000171,0.000124,0.000206,0.00095,0.000183,0.007792,0.00011,0.000227,0.000224,0.000172,0.00019,0.000189,0.000548,0.001111
"その他の鉄鋼製品",0.000531,0.000464,0.000371,0.000334,0.002285,0.002307,0.001991,0.000731,0.004002,0.000395,0.000096,0.000382,0.000576,0.001066,0.042172,0.000679,0.000536,0.000391,0.000341,0.001588,0.000173,0.00081,0.0006,0.000629,0.001313,0.001494,0.00007,0.00032,0.000716,0.002084,0.001159,0.001128,0.003003,0.00251,0.002665,0.000485,0.000461,0.00175,1.000409,0.000281,0.000857,0.101738,0.071351,0.025965,0.02289,0.009872,0.002066,0.007062,0.014467,0.027802,0.002884,0.009431,0.007419,0.003653,0.013686,0.012978,0.014255,0.056451,0.021406,0.004602,0.000437,0.009378,0.016509,0.004219,0.006972,0.000569,0.000616,0.001276,0.000489,0.000488,0.000294,0.000202,0.000331,0.000223,0.001515,0.000417,0.001693,0.00109,0.002406,0.000362,0.000626,0.000798,0.000172,0.000423,0.000557,0.000425,0.000627,0.0005,0.00091,0.000335,0.000534,0.000474,0.000373,0.000615,0.000385,0.001004,0.000917,0.000425,0.005838,0.000271,0.000587,0.000841,0.000458,0.000476,0.000695,0.001301,0.001541
"非鉄金属製錬･精製",0.000788,0.000508,0.000526,0.000341,0.000852,0.001672,0.001206,0.001137,0.002361,0.000511,0.000189,0.001038,0.000689,0.001151,0.006958,0.001232,0.00094,0.0007,0.001443,0.037654,0.000436,0.003889,0.001844,0.001661,0.001983,0.00652,0.000049,0.000298,0.002321,0.002944,0.001171,0.006745,0.001153,0.034276,0.013623,0.005702,0.011969,0.004678,0.006526,1.085833,0.286794,0.023675,0.022611,0.013464,0.009472,0.015795,0.005812,0.018618,0.026726,0.013777,0.010555,0.039743,0.014975,0.007919,0.012529,0.011154,0.016281,0.010793,0.006649,0.0212,0.000338,0.005254,0.007499,0.002808,0.007935,0.000465,0.000337,0.001231,0.00056,0.000316,0.000207,0.000158,0.000173,0.000104,0.000613,0.000356,0.00151,0.000366,0.000936,0.000262,0.000379,0.000481,0.000129,0.000281,0.000565,0.00044,0.000455,0.000918,0.000627,0.000262,0.000808,0.001032,0.000904,0.000503,0.000423,0.000569,0.000885,0.000557,0.005761,0.000276,0.000674,0.000715,0.000739,0.000444,0.000549,0.003932,0.003041
"非鉄金属加工製品",0.000933,0.000761,0.000736,0.000679,0.001534,0.003914,0.00231,0.002561,0.004674,0.000753,0.000342,0.000612,0.000725,0.002245,0.016261,0.000888,0.001442,0.00338,0.000547,0.002254,0.000258,0.000927,0.000698,0.000852,0.00224,0.003546,0.000097,0.000405,0.003163,0.003679,0.002315,0.001644,0.001577,0.002722,0.004925,0.000558,0.001756,0.001497,0.00119,0.000731,1.022472,0.076126,0.035726,0.039837,0.02164,0.029243,0.013678,0.036136,0.046951,0.037642,0.027219,0.023403,0.039577,0.022486,0.03009,0.030451,0.040547,0.02647,0.01775,0.017657,0.000646,0.014212,0.020091,0.007406,0.024392,0.001128,0.000778,0.002097,0.00077,0.000591,0.000423,0.000309,0.000395,0.000256,0.001486,0.000714,0.00345,0.000778,0.002264,0.00053,0.000714,0.000877,0.00027,0.000542,0.001014,0.000722,0.000901,0.001452,0.00134,0.000453,0.001037,0.00253,0.000731,0.000867,0.000875,0.001169,0.001896,0.000978,0.013526,0.000459,0.001476,0.001478,0.001318,0.00072,0.001041,0.005077,0.003079
"建設用･建築用金属製品",0.00063,0.000442,0.000386,0.000344,0.000803,0.001507,0.000878,0.000398,0.000386,0.000245,0.000094,0.000666,0.000571,0.000439,0.001985,0.001235,0.000803,0.000526,0.000512,0.00096,0.000336,0.000806,0.000914,0.001325,0.000435,0.000671,0.00006,0.000345,0.000752,0.000498,0.000376,0.000733,0.001212,0.000767,0.000962,0.001009,0.00107,0.001176,0.000907,0.00053,0.000586,1.017457,0.002007,0.001014,0.000668,0.000504,0.000481,0.000947,0.000598,0.00055,0.000456,0.000515,0.000663,0.000468,0.000437,0.000494,0.000463,0.009409,0.004264,0.008055,0.000363,0.071599,0.098585,0.028854,0.058718,0.001495,0.002551,0.003427,0.000589,0.000517,0.000414,0.000542,0.00127,0.00103,0.0019,0.000236,0.001605,0.000791,0.000813,0.000607,0.001404,0.001308,0.000259,0.000692,0.001524,0.000299,0.001256,0.000665,0.001023,0.000795,0.000666,0.000386,0.000358,0.000589,0.000412,0.000429,0.000465,0.000772,0.000597,0.000294,0.000625,0.000487,0.000528,0.000665,0.000523,0.001428,0.00098
"その他の金属製品",0.003853,0.003954,0.002311,0.001716,0.005318,0.026157,0.020625,0.00706,0.057352,0.003742,0.000571,0.002353,0.005532,0.012232,0.052146,0.005308,0.004447,0.003023,0.001809,0.017018,0.001172,0.007828,0.005395,0.004725,0.016218,0.019018,0.000614,0.002671,0.004878,0.02747,0.015006,0.01115,0.013497,0.022492,0.013824,0.00192,0.002118,0.0136,0.00209,0.001713,0.003508,0.054546,1.062787,0.041087,0.040758,0.048682,0.018067,0.040117,0.042443,0.035619,0.028461,0.022362,0.035632,0.034508,0.017857,0.020393,0.021279,0.048276,0.009132,0.025905,0.002069,0.02153,0.081216,0.010772,0.011221,0.002664,0.003705,0.005549,0.001941,0.004196,0.001086,0.000882,0.001561,0.001311,0.002683,0.002447,0.006228,0.002848,0.003112,0.002318,0.004263,0.006058,0.000714,0.002044,0.00252,0.001572,0.002649,0.002589,0.006447,0.001419,0.002212,0.003577,0.002079,0.002609,0.002009,0.004626,0.003325,0.002018,0.015785,0.001175,0.003978,0.008623,0.003781,0.00188,0.006033,0.008603,0.008463
"はん用機械",0.001402,0.000869,0.001076,0.001301,0.001794,0.003024,0.005489,0.000817,0.000668,0.00047,0.000195,0.000763,0.000618,0.001118,0.008843,0.000885,0.000649,0.000622,0.000797,0.001255,0.000364,0.001194,0.00078,0.000884,0.000716,0.000789,0.000118,0.00058,0.001608,0.000945,0.000538,0.006923,0.001889,0.006842,0.002973,0.000629,0.000742,0.003026,0.000663,0.000537,0.000721,0.00182,0.001619,1.121852,0.039581,0.01862,0.003464,0.004838,0.018746,0.038492,0.004604,0.001252,0.004682,0.002596,0.009901,0.009912,0.016088,0.038595,0.012437,0.002566,0.0012,0.011006,0.002007,0.006259,0.008992,0.001462,0.000444,0.009894,0.001294,0.000588,0.000431,0.000306,0.000228,0.000065,0.00134,0.001518,0.008635,0.000772,0.002304,0.000784,0.000777,0.001,0.00038,0.000574,0.000843,0.001015,0.000967,0.000727,0.001427,0.000427,0.000998,0.000573,0.000881,0.000644,0.000483,0.000817,0.004545,0.000716,0.038539,0.00056,0.000894,0.000706,0.00076,0.000781,0.000632,0.001337,0.000899
"生産用機械",0.002127,0.001271,0.001544,0.002138,0.000978,0.004267,0.006321,0.001153,0.000949,0.000664,0.000271,0.001093,0.000886,0.001597,0.00175,0.001223,0.001032,0.001023,0.001158,0.001805,0.000529,0.001729,0.001104,0.00125,0.001029,0.001005,0.000183,0.000817,0.005662,0.001484,0.000929,0.001726,0.002817,0.006312,0.003913,0.000916,0.001061,0.003163,0.001365,0.000801,0.001096,0.001334,0.001543,0.00663,1.128889,0.004,0.005836,0.004784,0.005792,0.00366,0.004808,0.001689,0.002893,0.003136,0.002847,0.002757,0.003392,0.005678,0.002651,0.001863,0.001689,0.001284,0.001741,0.001763,0.001726,0.002179,0.000614,0.002668,0.001783,0.000786,0.000566,0.000395,0.000295,0.000077,0.000648,0.002283,0.013028,0.000465,0.00176,0.001224,0.000941,0.001023,0.000473,0.000719,0.001129,0.001461,0.001329,0.000895,0.001273,0.000471,0.001299,0.000565,0.001079,0.000703,0.000541,0.001006,0.006935,0.000974,0.059206,0.00058,0.001093,0.00087,0.000915,0.000967,0.000775,0.001341,0.001047
"業務用機械",0.000834,0.000657,0.003098,0.000637,0.000416,0.000712,0.001191,0.000512,0.00034,0.000365,0.000118,0.000416,0.000408,0.000543,0.000425,0.000497,0.000419,0.000397,0.000376,0.000567,0.000164,0.000517,0.000366,0.000439,0.000346,0.000379,0.000059,0.000258,0.000423,0.000453,0.000376,0.000431,0.000615,0.000448,0.000551,0.000283,0.000344,0.00045,0.000403,0.000236,0.000352,0.000467,0.000381,0.002355,0.004699,1.068675,0.000694,0.000449,0.001669,0.000509,0.001086,0.000364,0.000928,0.000985,0.000877,0.000893,0.000968,0.002077,0.000695,0.000698,0.000641,0.000912,0.000546,0.000704,0.000634,0.000611,0.000224,0.000803,0.000637,0.001367,0.000329,0.0002,0.000139,0.000037,0.000258,0.000673,0.00369,0.000221,0.000762,0.00058,0.000608,0.00053,0.000299,0.000408,0.000798,0.000517,0.000908,0.001071,0.003807,0.000214,0.00059,0.009056,0.006825,0.003454,0.001638,0.000501,0.00378,0.000663,0.014687,0.00054,0.000537,0.000462,0.000427,0.004102,0.000913,0.022341,0.001226
"電子デバイス",0.000624,0.000397,0.000623,0.000569,0.000367,0.000654,0.001189,0.000346,0.000269,0.000213,0.000086,0.000333,0.000322,0.000464,0.00038,0.000373,0.000272,0.000273,0.000334,0.000516,0.000156,0.000509,0.00033,0.000371,0.000291,0.000283,0.00005,0.000222,0.000346,0.000404,0.000298,0.000363,0.000571,0.000407,0.000502,0.000265,0.000326,0.000426,0.000297,0.00021,0.000295,0.000436,0.000519,0.002068,0.004555,0.066028,1.032719,0.022309,0.038629,0.115311,0.14826,0.022511,0.121048,0.180301,0.008039,0.006594,0.010962,0.002318,0.00296,0.009935,0.000541,0.001058,0.00063,0.000896,0.001049,0.000637,0.000181,0.000684,0.000545,0.000359,0.000223,0.000174,0.000119,0.000028,0.000334,0.000699,0.003796,0.000144,0.000763,0.000383,0.000296,0.000323,0.000154,0.000278,0.00051,0.000573,0.000518,0.000545,0.001023,0.000175,0.000557,0.000732,0.000738,0.000447,0.000278,0.00037,0.002455,0.000463,0.016842,0.000326,0.000362,0.000314,0.000309,0.000604,0.000297,0.003115,0.000487
"その他の電子部品",0.001833,0.001155,0.001527,0.001693,0.000872,0.001936,0.003552,0.001022,0.000924,0.000618,0.000266,0.000988,0.00084,0.001375,0.001095,0.001101,0.00083,0.001128,0.00101,0.001589,0.000465,0.00152,0.000989,0.001107,0.00091,0.000903,0.000149,0.000651,0.000996,0.001254,0.000743,0.001072,0.001718,0.001194,0.001476,0.000785,0.000929,0.001231,0.000856,0.00062,0.001062,0.001304,0.004633,0.008907,0.008496,0.0473,0.116799,1.210743,0.036585,0.041975,0.140436,0.022515,0.11805,0.103423,0.012207,0.010586,0.017355,0.004146,0.002871,0.004775,0.001516,0.002086,0.00185,0.001893,0.001961,0.001893,0.000528,0.002033,0.00166,0.000878,0.000708,0.000469,0.000333,0.000088,0.00069,0.002044,0.011209,0.000402,0.001637,0.001167,0.00085,0.000943,0.000534,0.000981,0.002669,0.001833,0.001936,0.002829,0.003716,0.000512,0.002707,0.000934,0.001321,0.000925,0.000703,0.001132,0.006206,0.001858,0.050464,0.000728,0.001063,0.000872,0.000966,0.001157,0.000841,0.02881,0.001625
"産業用電気機器",0.0009,0.000546,0.000681,0.000817,0.000976,0.000958,0.001798,0.000485,0.00033,0.000283,0.000114,0.000467,0.000364,0.000642,0.000667,0.000518,0.000367,0.000358,0.000482,0.000748,0.00023,0.000745,0.000477,0.000532,0.000377,0.000378,0.000073,0.000322,0.000544,0.000564,0.000298,0.000568,0.000841,0.000667,0.00074,0.000389,0.000456,0.00063,0.000407,0.000307,0.000406,0.002147,0.000464,0.019694,0.018052,0.011213,0.000613,0.000904,1.127243,0.021103,0.010022,0.000775,0.00737,0.009344,0.05363,0.037476,0.055864,0.018134,0.008806,0.000888,0.000745,0.002644,0.001239,0.00227,0.005375,0.000946,0.000254,0.001097,0.000779,0.000346,0.000247,0.000175,0.000132,0.000038,0.00071,0.000984,0.005663,0.000377,0.001451,0.000476,0.000385,0.000405,0.000199,0.000314,0.000503,0.000622,0.000573,0.000399,0.000667,0.000211,0.000555,0.000314,0.000523,0.000331,0.000245,0.000432,0.003008,0.000421,0.025666,0.000256,0.000467,0.000371,0.000392,0.000449,0.000317,0.000665,0.000485
"民生用電気機器",0.000222,0.000136,0.000164,0.000202,0.000089,0.000224,0.00042,0.000116,0.000084,0.000072,0.000032,0.000116,0.000092,0.000159,0.00009,0.000129,0.000092,0.00009,0.000121,0.000184,0.000057,0.000183,0.000117,0.000131,0.000098,0.000097,0.000018,0.000079,0.000116,0.00014,0.000074,0.000113,0.000202,0.000121,0.000167,0.000096,0.000112,0.000141,0.0001,0.000075,0.0001,0.000123,0.000106,0.000109,0.000096,0.000107,0.000115,0.000123,0.000101,1.061072,0.000094,0.000086,0.000083,0.000088,0.000101,0.000102,0.000104,0.000322,0.00074,0.000121,0.000199,0.003285,0.000152,0.000163,0.000164,0.000232,0.000061,0.000232,0.000194,0.000086,0.000066,0.000046,0.000034,0.000008,0.000093,0.000291,0.001396,0.000037,0.000236,0.000119,0.000092,0.000124,0.000053,0.000087,0.00022,0.000161,0.000173,0.000535,0.000503,0.000053,0.000142,0.000058,0.000117,0.000079,0.000059,0.000117,0.0008,0.000215,0.006304,0.000081,0.000119,0.000093,0.000101,0.000236,0.000089,0.000099,0.000207
"電子応用装置･電気計測器",0.00008,0.000051,0.000063,0.000073,0.000168,0.000094,0.000164,0.00005,0.000033,0.000032,0.000014,0.000043,0.000036,0.000059,0.000046,0.000048,0.000036,0.000036,0.000044,0.000068,0.00002,0.000066,0.000043,0.000049,0.000036,0.000037,0.000007,0.00003,0.000064,0.000053,0.00003,0.000053,0.000081,0.000072,0.000076,0.000036,0.000042,0.000064,0.000041,0.000029,0.000039,0.000048,0.000044,0.001012,0.005035,0.001614,0.000379,0.000072,0.000373,0.00012,1.017357,0.000044,0.00033,0.000331,0.000093,0.000069,0.000085,0.004155,0.000179,0.000051,0.000073,0.000072,0.000064,0.000097,0.000242,0.000085,0.000024,0.0001,0.000075,0.000037,0.000029,0.000023,0.000015,0.000004,0.000051,0.000089,0.000486,0.000074,0.000077,0.000046,0.000042,0.000047,0.000018,0.000037,0.000053,0.000075,0.000065,0.000039,0.000997,0.000023,0.000057,0.000101,0.000057,0.000037,0.000025,0.000044,0.000264,0.000045,0.002191,0.000095,0.000045,0.000037,0.000038,0.000044,0.000031,0.000072,0.000276
"その他の電気機械",0.000271,0.000247,0.000203,0.000214,0.000952,0.000269,0.000614,0.000206,0.000133,0.000123,0.000051,0.000154,0.000147,0.000192,0.000739,0.000195,0.00015,0.000154,0.000147,0.000233,0.000068,0.000212,0.000153,0.000186,0.000151,0.000155,0.000022,0.000101,0.000183,0.000174,0.000129,0.000168,0.000259,0.00018,0.000351,0.00013,0.000155,0.000193,0.000152,0.000101,0.000144,0.000193,0.000278,0.000802,0.001037,0.003704,0.007389,0.005781,0.007601,0.006833,0.004109,1.050736,0.011626,0.003443,0.01636,0.009457,0.004458,0.001614,0.005728,0.001714,0.000224,0.003457,0.002756,0.001056,0.00165,0.000271,0.000142,0.000527,0.000227,0.000319,0.000111,0.000121,0.000096,0.000039,0.000683,0.000286,0.001519,0.0002,0.000841,0.000253,0.000177,0.000577,0.00008,0.000139,0.000867,0.000236,0.000369,0.000734,0.00058,0.000566,0.000506,0.000161,0.000335,0.000137,0.000101,0.000172,0.000733,0.000481,0.00574,0.000179,0.000289,0.000208,0.000168,0.000673,0.0002,0.000545,0.000426
"通信･映像･音響機器",0.000093,0.000111,0.000136,0.00016,0.000298,0.000103,0.000141,0.000141,0.000134,0.000104,0.000039,0.000094,0.00011,0.000115,0.000128,0.000122,0.000114,0.000102,0.000071,0.000095,0.000029,0.000078,0.000071,0.000093,0.000227,0.000119,0.000015,0.000056,0.000096,0.000121,0.000144,0.000112,0.000125,0.000098,0.000132,0.000055,0.000067,0.000095,0.000096,0.000054,0.000081,0.000212,0.000101,0.000933,0.000172,0.000135,0.000172,0.000144,0.000174,0.000146,0.000172,0.000141,1.005194,0.000285,0.006824,0.00283,0.000144,0.00534,0.000771,0.000168,0.000259,0.00157,0.000638,0.002721,0.002812,0.000108,0.00009,0.000192,0.000116,0.00042,0.000271,0.000374,0.000206,0.000031,0.000215,0.000289,0.000235,0.000203,0.000224,0.000318,0.000178,0.000211,0.000058,0.000155,0.000381,0.000594,0.000325,0.000464,0.001718,0.000091,0.000387,0.000135,0.000108,0.000148,0.000064,0.000207,0.000235,0.000596,0.000513,0.000725,0.000125,0.000302,0.000103,0.000334,0.00009,0.000187,0.000513
"電子計算機･同附属装置",0.00004,0.000036,0.000037,0.000032,0.000021,0.000121,0.000107,0.000028,0.000023,0.000018,0.000007,0.000025,0.000023,0.000038,0.000029,0.000028,0.000024,0.000034,0.000021,0.000034,0.00001,0.000025,0.000019,0.000024,0.000021,0.000023,0.000003,0.000024,0.000026,0.000029,0.00002,0.000026,0.000045,0.000024,0.000039,0.000019,0.000022,0.000031,0.000027,0.000017,0.000023,0.000026,0.000027,0.000031,0.000096,0.000026,0.000035,0.000031,0.000043,0.000028,0.000026,0.000033,0.000069,1.017795,0.000029,0.000028,0.000028,0.000042,0.000047,0.000037,0.00012,0.000058,0.000046,0.000096,0.000131,0.000034,0.000025,0.000035,0.000036,0.000037,0.000031,0.000014,0.000012,0.000003,0.000018,0.000041,0.000354,0.000013,0.000187,0.000039,0.000025,0.000033,0.000016,0.00008,0.000123,0.000044,0.000151,0.000041,0.000045,0.000014,0.000029,0.000024,0.000043,0.000031,0.000045,0.000032,0.001879,0.000065,0.00052,0.000032,0.000042,0.000023,0.000024,0.000029,0.000024,0.000027,0.00004
"乗用車",0,0,0,0,0,0,0,0,0,0,0,0,0,0,0,0,0,0,0,0,0,0,0,0,0,0,0,0,0,0,0,0,0,0,0,0,0,0,0,0,0,0,0,0,0,0,0,0,0,0,0,0,0,0,1,0,0,0,0,0,0,0,0,0,0,0,0,0,0,0,0,0,0,0,0,0,0,0,0,0,0,0,0,0,0,0,0,0,0,0,0,0,0,0,0,0,0,0,0,0,0,0,0,0,0,0,0
"その他の自動車",0.000127,0.000076,0.000092,0.000115,0.000046,0.000126,0.00024,0.000064,0.000045,0.00004,0.000017,0.000065,0.00005,0.00009,0.000049,0.000071,0.00005,0.000049,0.000067,0.000105,0.000032,0.000104,0.000066,0.000074,0.000051,0.000052,0.00001,0.000044,0.000064,0.000079,0.00004,0.000063,0.000114,0.000067,0.000094,0.000054,0.000063,0.00008,0.000056,0.000042,0.000056,0.000069,0.000059,0.000061,0.000054,0.000059,0.000064,0.000068,0.000056,0.000052,0.000052,0.000046,0.000045,0.000048,0.000055,1.041848,0.000058,0.00005,0.00004,0.000064,0.000101,0.000064,0.000085,0.00009,0.00009,0.000133,0.000033,0.000131,0.00011,0.000046,0.000033,0.000024,0.000017,0.000004,0.000031,0.00014,0.000801,0.000018,0.000091,0.000065,0.00005,0.000052,0.000025,0.000043,0.000068,0.000086,0.000078,0.000051,0.000438,0.000029,0.000076,0.000031,0.000065,0.000042,0.000032,0.000059,0.000422,0.000056,0.003658,0.000034,0.000064,0.00005,0.000054,0.000056,0.000042,0.000053,0.00015
"自動車部品･同附属品",0.007633,0.004534,0.005555,0.006907,0.002704,0.007589,0.014479,0.003826,0.002702,0.002307,0.000957,0.003922,0.003021,0.005385,0.002951,0.0043,0.003012,0.002963,0.004056,0.00629,0.001931,0.006301,0.004004,0.004436,0.003114,0.003105,0.000607,0.002646,0.00386,0.004735,0.002424,0.003772,0.006856,0.004055,0.005641,0.003235,0.003804,0.004724,0.003322,0.002513,0.003343,0.00415,0.003548,0.003652,0.00405,0.003579,0.003864,0.00413,0.003348,0.003142,0.003144,0.002763,0.002746,0.002913,0.878644,0.827836,1.596912,0.00293,0.070003,0.003864,0.006072,0.003789,0.005045,0.005381,0.005399,0.007997,0.001986,0.007861,0.006584,0.00278,0.002029,0.001423,0.001034,0.000257,0.005291,0.008372,0.048482,0.00101,0.011778,0.003954,0.003006,0.003169,0.001629,0.002577,0.004086,0.005215,0.004709,0.003127,0.005005,0.001699,0.004587,0.001854,0.003863,0.002453,0.001895,0.003571,0.025438,0.003422,0.220391,0.002042,0.003851,0.003008,0.003259,0.003394,0.002549,0.003212,0.003852
"船舶･同修理",0.000077,0.000289,0.000041,0.00008,0.038016,0.000049,0.00014,0.001677,0.000141,0.000445,0.000016,0.000042,0.000031,0.000098,0.000066,0.000158,0.00008,0.000051,0.000124,0.000158,0.000085,0.0001,0.000093,0.000107,0.000057,0.000082,0.000102,0.00042,0.000045,0.000046,0.000035,0.000104,0.000206,0.000102,0.000139,0.000216,0.000171,0.000179,0.000191,0.000394,0.000173,0.000114,0.000088,0.000067,0.000058,0.000045,0.000033,0.000046,0.000061,0.000051,0.00003,0.000057,0.000036,0.000033,0.0001,0.000105,0.000075,1.148378,0.000048,0.000061,0.001775,0.000061,0.000065,0.000081,0.000089,0.000141,0.000106,0.000033,0.000041,0.000026,0.000015,0.000012,0.000006,0.000002,0.000047,0.000083,0.000235,0.016206,0.000215,0.00004,0.000024,0.00068,0.000043,0.000014,0.000025,0.000019,0.000019,0.000038,0.001405,0.00012,0.000089,0.000034,0.000024,0.000064,0.000104,0.000025,0.000025,0.000025,0.000046,0.000012,0.000264,0.000416,0.000024,0.000042,0.000047,0.000106,0.000387
"その他の輸送機械･同修理",0.000543,0.000434,0.000599,0.000501,0.000373,0.00122,0.001378,0.000465,0.000364,0.000363,0.000161,0.000577,0.000687,0.000522,0.00058,0.00058,0.000593,0.000577,0.000414,0.000578,0.000226,0.000563,0.000502,0.000519,0.001017,0.000567,0.000067,0.00029,0.000658,0.000585,0.000499,0.000607,0.000665,0.0006,0.000823,0.000293,0.00039,0.000492,0.000412,0.000258,0.000392,0.000655,0.000473,0.000554,0.000566,0.000644,0.000634,0.000667,0.00056,0.000616,0.000783,0.000475,0.000948,0.000617,0.000466,0.000443,0.00047,0.000501,1.195236,0.000608,0.000582,0.000525,0.000654,0.000566,0.000544,0.000556,0.000253,0.000784,0.001659,0.000901,0.001044,0.000313,0.000199,0.000091,0.060941,0.000637,0.002585,0.000359,0.112735,0.000806,0.000433,0.001932,0.002016,0.000616,0.001332,0.000898,0.001045,0.001733,0.005503,0.000763,0.001251,0.000485,0.000577,0.00038,0.000266,0.001105,0.001465,0.001222,0.009871,0.00056,0.000676,0.000574,0.00057,0.000624,0.000724,0.000657,0.003097
"その他の製造工業製品",0.000549,0.000643,0.000847,0.000736,0.004489,0.001672,0.002377,0.001082,0.001959,0.000496,0.000256,0.000827,0.006229,0.002023,0.008077,0.00107,0.000802,0.000741,0.000507,0.000676,0.00016,0.000925,0.000587,0.000662,0.000917,0.001122,0.000055,0.000355,0.000702,0.000914,0.007798,0.003367,0.000958,0.004248,0.002339,0.000309,0.001898,0.002953,0.001393,0.000284,0.001278,0.000959,0.000866,0.000913,0.001384,0.002099,0.001081,0.002005,0.001613,0.00093,0.003236,0.001268,0.00222,0.001553,0.001393,0.001425,0.001189,0.001503,0.000957,1.017222,0.000762,0.002135,0.00543,0.00381,0.003809,0.000539,0.000531,0.001863,0.001223,0.001151,0.001469,0.00078,0.000576,0.00018,0.000725,0.000742,0.001289,0.000707,0.001121,0.001144,0.001081,0.00129,0.000772,0.00266,0.004762,0.007881,0.003688,0.01022,0.001793,0.001487,0.008392,0.000888,0.001417,0.003062,0.002204,0.004738,0.003256,0.005954,0.001623,0.003896,0.00248,0.002348,0.002808,0.003572,0.003684,0.105638,0.001305
"再生資源回収･加工処理",0.002418,0.004373,0.000838,0.007215,0.000655,0.001037,0.000661,0.001314,0.004621,0.002541,0.000256,0.001137,0.000776,0.007686,0.003245,0.027233,0.007152,0.004196,0.029103,0.004648,0.003165,0.003033,0.001929,0.002432,0.001049,0.001633,0.000127,0.014634,0.00307,0.00131,0.000648,0.015555,0.005335,0.016763,0.004807,0.021744,0.017475,0.011741,0.010076,0.048332,0.036689,0.00675,0.005305,0.003757,0.002828,0.002601,0.001618,0.00337,0.003938,0.003016,0.001778,0.003737,0.002489,0.001651,0.003467,0.003484,0.003823,0.004751,0.00203,0.002765,1.000633,0.002199,0.002341,0.002016,0.002527,0.008282,0.005611,0.000836,0.000824,0.000396,0.000286,0.000237,0.000155,0.000054,0.000707,0.000692,0.000566,0.000203,0.000479,0.000256,0.000699,0.000632,0.000219,0.000329,0.000672,0.000426,0.000457,0.002082,0.000362,0.000403,0.000616,0.000424,0.000518,0.000536,0.000409,0.000573,0.000295,0.000909,0.001433,0.000249,0.00094,0.001117,0.000564,0.000543,0.000468,0.006105,0.000679
"建築",0,0,0,0,0,0,0,0,0,0,0,0,0,0,0,0,0,0,0,0,0,0,0,0,0,0,0,0,0,0,0,0,0,0,0,0,0,0,0,0,0,0,0,0,0,0,0,0,0,0,0,0,0,0,0,0,0,0,0,0,0,1,0,0,0,0,0,0,0,0,0,0,0,0,0,0,0,0,0,0,0,0,0,0,0,0,0,0,0,0,0,0,0,0,0,0,0,0,0,0,0,0,0,0,0,0,0
"建設補修",0.006171,0.004213,0.003729,0.002844,0.00262,0.005934,0.008147,0.003534,0.002934,0.002175,0.000837,0.006587,0.005172,0.003284,0.005111,0.012271,0.007943,0.00515,0.005034,0.009344,0.003335,0.007911,0.009103,0.013248,0.004025,0.006398,0.00054,0.003268,0.007424,0.004517,0.002959,0.006892,0.010055,0.006988,0.009231,0.010102,0.010593,0.011015,0.008945,0.005179,0.005677,0.009415,0.006666,0.004948,0.004609,0.004144,0.004409,0.008317,0.005202,0.004781,0.003855,0.004736,0.004838,0.004032,0.003944,0.004487,0.004162,0.00561,0.00468,0.004863,0.002886,0.003699,1.004802,0.003285,0.003316,0.014945,0.025771,0.034508,0.005601,0.004992,0.003961,0.005372,0.011868,0.010402,0.016927,0.002112,0.015433,0.002955,0.004259,0.005965,0.014072,0.012843,0.002455,0.006687,0.014949,0.002275,0.012258,0.005802,0.0098,0.007835,0.00592,0.003719,0.003338,0.005514,0.003869,0.003641,0.003017,0.007245,0.003415,0.002577,0.005938,0.00449,0.004999,0.006345,0.004815,0.006315,0.004624
"公共事業",0,0,0,0,0,0,0,0,0,0,0,0,0,0,0,0,0,0,0,0,0,0,0,0,0,0,0,0,0,0,0,0,0,0,0,0,0,0,0,0,0,0,0,0,0,0,0,0,0,0,0,0,0,0,0,0,0,0,0,0,0,0,0,1,0,0,0,0,0,0,0,0,0,0,0,0,0,0,0,0,0,0,0,0,0,0,0,0,0,0,0,0,0,0,0,0,0,0,0,0,0,0,0,0,0,0,0
"その他の土木建設",0,0,0,0,0,0,0,0,0,0,0,0,0,0,0,0,0,0,0,0,0,0,0,0,0,0,0,0,0,0,0,0,0,0,0,0,0,0,0,0,0,0,0,0,0,0,0,0,0,0,0,0,0,0,0,0,0,0,0,0,0,0,0,0,1,0,0,0,0,0,0,0,0,0,0,0,0,0,0,0,0,0,0,0,0,0,0,0,0,0,0,0,0,0,0,0,0,0,0,0,0,0,0,0,0,0,0
"電力",0.022001,0.026122,0.042889,0.01445,0.017639,0.075795,0.043422,0.028405,0.024539,0.019531,0.006691,0.060816,0.042406,0.033961,0.03445,0.150941,0.061828,0.054139,0.061249,0.179916,0.018253,0.064538,0.04686,0.106314,0.025875,0.038258,0.009275,0.019551,0.052769,0.048144,0.022131,0.066302,0.080311,0.0529,0.064974,0.075576,0.087612,0.151531,0.066759,0.058767,0.051025,0.045785,0.049498,0.03699,0.031819,0.028312,0.047773,0.045977,0.031156,0.031186,0.023488,0.034123,0.02625,0.025429,0.03762,0.036012,0.040999,0.051445,0.031523,0.026659,0.037816,0.02015,0.022399,0.017482,0.022064,1.113336,0.024897,0.058479,0.083966,0.02564,0.010199,0.019377,0.009658,0.001256,0.066701,0.008795,0.017018,0.00544,0.013502,0.009373,0.058602,0.016119,0.009552,0.018215,0.017365,0.009058,0.015488,0.024304,0.01759,0.02761,0.018627,0.016406,0.021667,0.025825,0.018581,0.012827,0.008428,0.020352,0.021919,0.008357,0.056093,0.035217,0.038929,0.041167,0.027408,0.050383,0.017546
"ガス･熱供給",0.002056,0.001918,0.002555,0.00127,0.001506,0.001636,0.001359,0.005204,0.005884,0.00281,0.000329,0.014626,0.004996,0.001357,0.002994,0.004121,0.003534,0.002592,0.015903,0.004206,0.000447,0.003137,0.00281,0.003409,0.005022,0.004641,0.000122,0.001168,0.008212,0.007864,0.002236,0.016374,0.0018,0.020491,0.006143,0.002764,0.009386,0.020111,0.006166,0.001253,0.004647,0.005847,0.007113,0.004377,0.00367,0.004065,0.004169,0.004486,0.003495,0.003002,0.00218,0.004666,0.003135,0.002715,0.007526,0.011028,0.008666,0.00614,0.006314,0.003218,0.004098,0.002815,0.003421,0.002066,0.002397,0.002318,1.011862,0.00326,0.004555,0.005006,0.001504,0.002622,0.000781,0.000185,0.001573,0.001177,0.002532,0.00095,0.00187,0.001418,0.001156,0.001704,0.00137,0.001818,0.002165,0.001211,0.002536,0.0019,0.003495,0.005551,0.003004,0.003361,0.004302,0.007789,0.006486,0.0027,0.001188,0.001916,0.005538,0.002553,0.020246,0.019574,0.010281,0.002614,0.006238,0.003751,0.001936
"水道",0.001898,0.003038,0.003055,0.001163,0.001423,0.00587,0.005893,0.003905,0.003586,0.001519,0.001735,0.004285,0.003093,0.001783,0.002134,0.007326,0.004189,0.00245,0.005185,0.005723,0.001534,0.005667,0.004944,0.006571,0.004962,0.003,0.000485,0.002909,0.002925,0.002118,0.00166,0.003265,0.003028,0.002121,0.002563,0.00121,0.00318,0.002461,0.002462,0.001794,0.001889,0.002189,0.002058,0.001892,0.001757,0.002059,0.003425,0.002802,0.00188,0.002131,0.001677,0.002459,0.001693,0.001797,0.001894,0.001878,0.001773,0.002392,0.00207,0.002423,0.004623,0.002091,0.003018,0.002002,0.002086,0.001239,0.003471,1.099611,0.010916,0.003562,0.002169,0.002714,0.000918,0.000233,0.008298,0.001725,0.013021,0.001168,0.001867,0.001953,0.002794,0.004491,0.001297,0.006645,0.002416,0.001139,0.00338,0.002731,0.005367,0.010302,0.010803,0.00591,0.005078,0.007634,0.008788,0.00357,0.001104,0.002108,0.002188,0.001584,0.01511,0.01207,0.018446,0.006151,0.006057,0.003549,0.004214
"廃棄物処理",0.001468,0.00261,0.00328,0.000934,0.001153,0.005332,0.003755,0.002606,0.001372,0.002108,0.001039,0.001988,0.001879,0.001649,0.001576,0.00471,0.002755,0.002294,0.006908,0.008104,0.001968,0.003626,0.002721,0.006444,0.005514,0.003339,0.000218,0.00084,0.001633,0.0018,0.001286,0.002915,0.005525,0.001847,0.004995,0.001983,0.001976,0.002922,0.001799,0.001226,0.001602,0.001546,0.001393,0.001564,0.001162,0.001713,0.002131,0.00215,0.00137,0.001302,0.001216,0.002012,0.001486,0.001422,0.001289,0.001387,0.001312,0.002853,0.005292,0.001436,0.002213,0.001894,0.001752,0.005928,0.007023,0.013881,0.002395,0.003761,1.00234,0.002496,0.004217,0.001114,0.000669,0.000355,0.024509,0.003148,0.002011,0.002512,0.003508,0.004822,0.002996,0.007153,0.002147,0.01021,0.009128,0.00096,0.00618,0.003035,0.028173,0.006867,0.004522,0.004892,0.008153,0.005195,0.005068,0.001201,0.001246,0.004231,0.001852,0.000796,0.049315,0.017581,0.013553,0.012675,0.015381,0.002492,0.022975
"商業",0.112417,0.125725,0.072266,0.045399,0.088146,0.030596,0.066113,0.132818,0.085849,0.129641,0.012975,0.082786,0.113059,0.090713,0.109419,0.127478,0.136775,0.103538,0.044499,0.055282,0.016817,0.056008,0.054637,0.079708,0.061865,0.087965,0.010261,0.039224,0.089964,0.075204,0.124475,0.060472,0.053805,0.066162,0.062006,0.030712,0.046304,0.054283,0.103682,0.028503,0.066966,0.082555,0.068247,0.070959,0.067287,0.077594,0.06674,0.066547,0.084255,0.092091,0.063389,0.077105,0.074414,0.069038,0.091771,0.086495,0.110931,0.096349,0.062098,0.118994,0.02288,0.08694,0.104049,0.063451,0.063132,0.028512,0.033079,0.039479,0.028666,1.022166,0.016221,0.00809,0.008741,0.003276,0.014589,0.021424,0.146148,0.01893,0.027517,0.017236,0.018677,0.023963,0.013911,0.017514,0.028832,0.028321,0.026118,0.063459,0.022154,0.018144,0.049145,0.078292,0.033459,0.043245,0.037714,0.058764,0.031917,0.038903,0.100568,0.019021,0.079027,0.158956,0.045606,0.035221,0.044081,0.308794,0.026055
"金融･保険",0.013306,0.014659,0.019427,0.013542,0.016595,0.037937,0.058013,0.014327,0.019206,0.01097,0.007068,0.028596,0.027954,0.01621,0.024397,0.021771,0.020652,0.018698,0.014306,0.016248,0.00743,0.015442,0.013433,0.01454,0.013492,0.016259,0.003796,0.010114,0.011796,0.012558,0.013108,0.018424,0.022915,0.025942,0.018717,0.010866,0.013853,0.016712,0.017217,0.014716,0.015615,0.024935,0.018026,0.015004,0.015064,0.019462,0.013147,0.015501,0.014224,0.016374,0.013476,0.015148,0.013737,0.015263,0.014508,0.013876,0.013377,0.026903,0.016423,0.036164,0.015786,0.022268,0.018764,0.027364,0.025521,0.02565,0.011301,0.033201,0.0343,0.024956,1.027127,0.096784,0.076852,0.077864,0.054051,0.014027,0.040641,0.032472,0.023168,0.027965,0.016997,0.01664,0.005462,0.015237,0.015026,0.012394,0.019836,0.014323,0.026943,0.014957,0.009862,0.013503,0.04332,0.028053,0.010779,0.03425,0.042555,0.012976,0.016687,0.007809,0.031287,0.016522,0.010804,0.014722,0.012134,0.02057,0.018499
"不動産仲介及び賃貸",0.009076,0.010781,0.026533,0.005415,0.007334,0.025695,0.016963,0.012183,0.008666,0.010469,0.002269,0.009146,0.012331,0.00887,0.013115,0.012154,0.011484,0.012531,0.006448,0.009196,0.004141,0.007871,0.00802,0.009506,0.010903,0.009464,0.001964,0.005557,0.010734,0.008794,0.009329,0.009897,0.012887,0.009654,0.009496,0.005344,0.00726,0.011011,0.009842,0.005612,0.007352,0.014293,0.008945,0.009329,0.008979,0.008522,0.007086,0.008088,0.009378,0.010332,0.007971,0.010692,0.009112,0.009113,0.008713,0.008177,0.008339,0.010718,0.00692,0.010433,0.016093,0.015754,0.011936,0.009816,0.010514,0.010804,0.015211,0.009077,0.007438,0.034585,0.021594,1.044346,0.108051,0.010095,0.006767,0.015127,0.031101,0.051008,0.016067,0.10065,0.080993,0.030555,0.019298,0.019224,0.022701,0.043533,0.070224,0.029793,0.006564,0.004442,0.024025,0.027073,0.020456,0.010393,0.014965,0.026682,0.018326,0.019375,0.010294,0.014302,0.020658,0.019958,0.034705,0.013135,0.027516,0.01614,0.040403
"住宅賃貸料",0,0,0,0,0,0,0,0,0,0,0,0,0,0,0,0,0,0,0,0,0,0,0,0,0,0,0,0,0,0,0,0,0,0,0,0,0,0,0,0,0,0,0,0,0,0,0,0,0,0,0,0,0,0,0,0,0,0,0,0,0,0,0,0,0,0,0,0,0,0,0,0,1,0,0,0,0,0,0,0,0,0,0,0,0,0,0,0,0,0,0,0,0,0,0,0,0,0,0,0,0,0,0,0,0,0,0
"住宅賃貸料(帰属家賃)",0,0,0,0,0,0,0,0,0,0,0,0,0,0,0,0,0,0,0,0,0,0,0,0,0,0,0,0,0,0,0,0,0,0,0,0,0,0,0,0,0,0,0,0,0,0,0,0,0,0,0,0,0,0,0,0,0,0,0,0,0,0,0,0,0,0,0,0,0,0,0,0,0,1,0,0,0,0,0,0,0,0,0,0,0,0,0,0,0,0,0,0,0,0,0,0,0,0,0,0,0,0,0,0,0,0,0
"鉄道輸送",0.001841,0.002086,0.002145,0.002253,0.002431,0.006081,0.005843,0.002849,0.00221,0.002343,0.000862,0.003555,0.004303,0.002615,0.00377,0.004083,0.004844,0.004771,0.002443,0.002943,0.001687,0.003051,0.003578,0.003135,0.006201,0.004139,0.000434,0.001738,0.005384,0.003086,0.003398,0.00437,0.003282,0.005009,0.007166,0.001605,0.002175,0.002914,0.002403,0.00153,0.002492,0.005823,0.002872,0.003487,0.003833,0.004966,0.005916,0.005917,0.003714,0.004676,0.006244,0.003082,0.01105,0.005618,0.002861,0.002499,0.002667,0.003694,0.003103,0.004141,0.003466,0.003644,0.004141,0.00329,0.002924,0.001906,0.001467,0.003886,0.014982,0.006624,0.012665,0.002486,0.001466,0.001027,1.002122,0.0023,0.002942,0.002749,0.002646,0.007335,0.002968,0.003479,0.002908,0.004004,0.006748,0.002031,0.006599,0.004237,0.008382,0.005575,0.009501,0.003426,0.00477,0.002591,0.001653,0.006452,0.00217,0.004234,0.002891,0.002512,0.003758,0.004485,0.003382,0.003387,0.004071,0.005148,0.018639
"道路輸送(自家輸送を除く。)",0.01785,0.065787,0.014377,0.04149,0.018874,0.013923,0.018765,0.036371,0.022943,0.037357,0.005725,0.017213,0.017769,0.035342,0.030536,0.048821,0.039923,0.025132,0.028628,0.020314,0.013821,0.023282,0.023361,0.02891,0.0179,0.026276,0.003281,0.027034,0.019963,0.017324,0.018989,0.02923,0.045643,0.032696,0.031448,0.025585,0.025393,0.037682,0.035891,0.031378,0.034396,0.027537,0.021507,0.019687,0.017306,0.018839,0.01719,0.019266,0.020087,0.020413,0.01439,0.020079,0.016929,0.019693,0.027984,0.028106,0.022079,0.027275,0.014452,0.025229,0.390405,0.030445,0.031904,0.028763,0.031607,0.020455,0.029538,0.015569,0.027788,0.0083,0.011868,0.003889,0.003071,0.001344,0.005955,1.006671,0.012189,0.005372,0.010528,0.005435,0.006277,0.010243,0.078589,0.010646,0.01293,0.01002,0.015445,0.023811,0.010479,0.006452,0.014585,0.012552,0.009081,0.010039,0.007395,0.017469,0.00695,0.014534,0.017759,0.005705,0.014785,0.025083,0.007876,0.007781,0.020096,0.064565,0.046419
"自家輸送",0.051544,0.023746,0.02011,0.031627,0.02927,0.043814,0.234872,0.02105,0.013183,0.012333,0.004511,0.017355,0.01559,0.026224,0.015854,0.014018,0.012139,0.015384,0.006499,0.009674,0.00401,0.009249,0.006609,0.009748,0.008077,0.009257,0.000766,0.007365,0.00713,0.006873,0.019491,0.015622,0.052095,0.009745,0.018551,0.005971,0.010383,0.010473,0.013046,0.007998,0.009641,0.0168,0.014329,0.011386,0.010903,0.01345,0.008027,0.006329,0.008998,0.009396,0.00739,0.008894,0.006037,0.009666,0.008228,0.007895,0.008465,0.009788,0.005562,0.040856,0.015715,0.026939,0.029334,0.033412,0.024857,0.007626,0.007739,0.012958,0.023422,0.036843,0.011314,0.007916,0.005565,0.001966,0.005928,0.00433,1.010288,0.005971,0.006403,0.00527,0.005944,0.008024,0.009308,0.011875,0.014675,0.017871,0.011255,0.019439,0.015194,0.011195,0.010786,0.00902,0.008176,0.010436,0.010064,0.017141,0.014337,0.02114,0.010846,0.009235,0.036643,0.013068,0.017201,0.027443,0.028105,0.01905,0.019113
"水運",0.004191,0.009365,0.001853,0.002481,0.003649,0.002515,0.003862,0.003713,0.002564,0.006049,0.000616,0.002387,0.001638,0.005433,0.003821,0.009296,0.004695,0.002843,0.007665,0.010024,0.00549,0.00591,0.005778,0.006497,0.002292,0.004146,0.006707,0.027341,0.002583,0.002636,0.001754,0.005919,0.01254,0.006154,0.008325,0.013947,0.01077,0.011174,0.011978,0.025604,0.010923,0.007054,0.005379,0.003932,0.003392,0.002569,0.001937,0.002742,0.003473,0.003026,0.00167,0.003301,0.002111,0.001819,0.006245,0.006514,0.004521,0.005945,0.00272,0.002941,0.115751,0.00321,0.003425,0.004729,0.00521,0.009005,0.006742,0.001698,0.001889,0.000991,0.000676,0.000462,0.000293,0.000115,0.000989,0.003722,0.00974,1.064847,0.003848,0.000682,0.000889,0.000932,0.002388,0.000605,0.00097,0.000927,0.000791,0.001859,0.000836,0.000775,0.001255,0.000909,0.001036,0.00094,0.000798,0.001121,0.000722,0.001141,0.002679,0.000488,0.00172,0.002014,0.001159,0.001186,0.001188,0.006296,0.001682
"航空輸送",0.00072,0.000795,0.001962,0.000453,0.000757,0.004461,0.003013,0.000952,0.000879,0.000772,0.000435,0.00162,0.00252,0.000976,0.001859,0.001129,0.001386,0.001297,0.000706,0.001021,0.000327,0.000867,0.00093,0.001075,0.004437,0.001511,0.000116,0.000547,0.001364,0.001606,0.001555,0.001326,0.001252,0.000938,0.001095,0.000398,0.000666,0.000762,0.000887,0.000396,0.000698,0.000954,0.001152,0.001477,0.001592,0.001577,0.000898,0.001082,0.001531,0.001665,0.002323,0.001367,0.00135,0.001243,0.001222,0.001181,0.001298,0.001067,0.000816,0.001537,0.000622,0.000964,0.00133,0.001015,0.000981,0.000752,0.000618,0.001683,0.003883,0.003169,0.001592,0.000771,0.000537,0.000148,0.000581,0.000652,0.001141,0.000683,1.002547,0.001124,0.000875,0.001204,0.015739,0.002239,0.006472,0.004821,0.003805,0.011843,0.001386,0.002994,0.004122,0.001686,0.000882,0.000874,0.000666,0.004881,0.00189,0.007168,0.001288,0.002657,0.00155,0.001379,0.001862,0.002265,0.001826,0.001674,0.005603
"貨物利用運送",0.001397,0.004697,0.001029,0.000732,0.001613,0.000575,0.000924,0.003011,0.001632,0.00275,0.000357,0.00123,0.00122,0.001977,0.002006,0.003478,0.003192,0.00229,0.001642,0.001583,0.001823,0.002178,0.002266,0.002534,0.001234,0.002171,0.000793,0.001657,0.001404,0.001212,0.00122,0.001896,0.004005,0.002019,0.002581,0.00172,0.001587,0.002579,0.002394,0.001094,0.001472,0.001702,0.001348,0.001193,0.001065,0.001202,0.001035,0.001159,0.001234,0.001376,0.000999,0.00132,0.001146,0.001098,0.002175,0.002194,0.001563,0.001783,0.00097,0.001623,0.002144,0.001825,0.001916,0.00178,0.001988,0.001502,0.002225,0.000696,0.000563,0.0004,0.000413,0.0002,0.000157,0.00006,0.000762,0.001329,0.00145,0.000553,0.001302,1.005012,0.000352,0.000517,0.010757,0.000405,0.000681,0.000592,0.000514,0.001733,0.000395,0.000353,0.000781,0.000931,0.00062,0.00067,0.000539,0.000854,0.000372,0.001539,0.001247,0.000294,0.001023,0.001897,0.000533,0.000464,0.000534,0.005056,0.000528
"倉庫",0.00368,0.015302,0.002737,0.002057,0.004874,0.001785,0.00251,0.009362,0.004122,0.024281,0.001295,0.003991,0.003553,0.00385,0.003852,0.008836,0.006579,0.004474,0.007955,0.006474,0.004046,0.00423,0.004953,0.006307,0.002609,0.004401,0.007564,0.004131,0.004176,0.003127,0.004982,0.006531,0.006193,0.007237,0.006588,0.003874,0.004224,0.006567,0.005381,0.007924,0.008713,0.004347,0.003945,0.003084,0.002628,0.003269,0.002738,0.003234,0.003713,0.003448,0.00259,0.00446,0.002882,0.002806,0.004211,0.004191,0.003648,0.004121,0.00243,0.00382,0.025772,0.002831,0.003183,0.002806,0.003244,0.011629,0.019829,0.001896,0.001865,0.001097,0.00076,0.000604,0.000353,0.000109,0.001222,0.001068,0.004425,0.000996,0.002797,0.000739,1.001136,0.001176,0.000594,0.00088,0.001836,0.001413,0.001252,0.003498,0.004967,0.001052,0.00175,0.001422,0.001416,0.001592,0.001285,0.001657,0.000753,0.002072,0.002445,0.000594,0.002774,0.004651,0.001414,0.001267,0.001238,0.008233,0.002176
"運輸附帯サービス",0.008764,0.007418,0.0044,0.006141,0.007424,0.008188,0.032804,0.006392,0.004848,0.005881,0.00139,0.004542,0.005402,0.006761,0.006692,0.009756,0.006102,0.006811,0.00656,0.005313,0.001694,0.004154,0.00368,0.005268,0.004903,0.005817,0.000671,0.003629,0.005624,0.004218,0.005428,0.014182,0.010172,0.008505,0.005963,0.002704,0.00813,0.004867,0.007505,0.004007,0.005835,0.005793,0.005451,0.005147,0.004416,0.00474,0.003522,0.004128,0.008957,0.004304,0.004403,0.005559,0.003699,0.005445,0.005595,0.006114,0.006167,0.005179,0.003226,0.009397,0.019941,0.006386,0.007032,0.006772,0.006087,0.002714,0.002995,0.003513,0.006205,0.011273,0.003149,0.001739,0.001176,0.000434,0.043677,0.032963,0.130088,0.039125,0.23442,0.044019,0.01219,1.020503,0.00816,0.002981,0.005531,0.004303,0.004019,0.009996,0.003601,0.00304,0.004025,0.002914,0.002558,0.002729,0.0023,0.005006,0.007194,0.006533,0.004086,0.002447,0.071856,0.007732,0.003681,0.008755,0.005397,0.00868,0.02582
"郵便･信書便",0.00061,0.000732,0.001022,0.000412,0.000711,0.002549,0.001513,0.000714,0.000631,0.000564,0.000251,0.000802,0.000813,0.000581,0.000767,0.000901,0.000884,0.000808,0.000543,0.000717,0.000211,0.000541,0.000524,0.000614,0.001615,0.000737,0.000108,0.000397,0.000694,0.000571,0.000612,0.000742,0.000784,0.000727,0.000752,0.0004,0.000552,0.000694,0.000673,0.000409,0.000526,0.000739,0.000633,0.000649,0.000613,0.000779,0.000473,0.000556,0.00063,0.000615,0.000799,0.000594,0.000591,0.000533,0.000582,0.000601,0.000623,0.000728,0.000801,0.000872,0.001414,0.000843,0.001554,0.001171,0.001075,0.001451,0.002692,0.00189,0.001482,0.001889,0.007514,0.001387,0.001551,0.000594,0.001316,0.000514,0.001133,0.001543,0.001397,0.002046,0.001604,0.001816,1.018086,0.009587,0.003785,0.001555,0.003928,0.003467,0.004728,0.001258,0.005885,0.000946,0.004423,0.00451,0.001546,0.006097,0.001118,0.002431,0.001355,0.001384,0.002056,0.00178,0.001622,0.001195,0.002794,0.000997,0.002648
"通信",0.003945,0.004714,0.006397,0.002632,0.006546,0.017931,0.006897,0.005415,0.004243,0.005016,0.002423,0.004541,0.005214,0.004163,0.005037,0.005114,0.00548,0.005321,0.00261,0.003328,0.001007,0.002695,0.00271,0.003663,0.0215,0.005668,0.000547,0.00238,0.003976,0.003976,0.004534,0.004015,0.00442,0.004379,0.004494,0.002224,0.00282,0.003932,0.004394,0.001967,0.003237,0.004226,0.003911,0.004623,0.004354,0.004476,0.003049,0.003604,0.004214,0.004354,0.005467,0.003973,0.004223,0.0035,0.004056,0.004066,0.00432,0.00531,0.003585,0.005516,0.004646,0.005066,0.02203,0.008894,0.008461,0.002953,0.003503,0.006719,0.00771,0.017965,0.017933,0.009185,0.008701,0.001673,0.006342,0.005264,0.005797,0.011759,0.006339,0.006347,0.004651,0.005826,0.00539,1.199488,0.072658,0.008648,0.064862,0.023239,0.011409,0.002869,0.020264,0.007211,0.009326,0.012967,0.004488,0.019768,0.004501,0.037697,0.006649,0.006924,0.010988,0.012752,0.010949,0.005579,0.007022,0.007616,0.065125
"放送",0.002336,0.002187,0.003391,0.001581,0.001962,0.002673,0.003194,0.00515,0.010009,0.002194,0.00724,0.002071,0.003737,0.002343,0.00412,0.003849,0.003721,0.002738,0.002264,0.002967,0.000666,0.001784,0.001689,0.002778,0.017666,0.015271,0.000294,0.00092,0.003461,0.003469,0.002398,0.002311,0.002053,0.003663,0.002417,0.001051,0.001528,0.001871,0.001991,0.00102,0.001633,0.002301,0.002199,0.002928,0.002596,0.003651,0.003695,0.002998,0.003303,0.005501,0.003852,0.003142,0.004369,0.00369,0.005256,0.005373,0.003991,0.002929,0.002605,0.005329,0.00199,0.003168,0.002532,0.002701,0.002249,0.002089,0.003813,0.005103,0.002321,0.006301,0.011954,0.006426,0.006119,0.000995,0.003531,0.002397,0.003427,0.002035,0.006166,0.00335,0.002581,0.006249,0.001631,0.014691,1.066609,0.010482,0.236548,0.017769,0.00225,0.00229,0.003516,0.004114,0.005025,0.002713,0.001978,0.004668,0.004638,0.338226,0.003769,0.008763,0.005351,0.012848,0.0143,0.006903,0.004586,0.004092,0.008293
"情報サービス",0.006857,0.008672,0.008022,0.00261,0.005452,0.00838,0.007918,0.008026,0.008714,0.007227,0.00308,0.006239,0.007441,0.00611,0.01045,0.01117,0.009191,0.008914,0.009381,0.008706,0.002435,0.007685,0.007892,0.007651,0.018336,0.010019,0.000954,0.00269,0.00888,0.009864,0.006032,0.008405,0.007785,0.012148,0.009617,0.004606,0.005952,0.008692,0.008899,0.004297,0.006337,0.008612,0.007374,0.009078,0.012575,0.009498,0.00921,0.012581,0.017768,0.007655,0.017411,0.009708,0.011755,0.032914,0.00878,0.007835,0.008613,0.008791,0.006686,0.010009,0.005465,0.007316,0.007951,0.008618,0.009121,0.013322,0.009964,0.039816,0.008156,0.019643,0.037736,0.009215,0.007215,0.003033,0.006021,0.006004,0.010176,0.00603,0.013312,0.007793,0.013261,0.020455,0.00487,0.035219,0.018636,1.030573,0.07771,0.029001,0.01796,0.005244,0.031476,0.010947,0.02031,0.012694,0.003831,0.033441,0.014034,0.023426,0.008502,0.017523,0.018482,0.008506,0.00467,0.013935,0.00937,0.010892,0.014159
"インターネット附随サービス",0.001989,0.002269,0.002633,0.001111,0.001903,0.00295,0.002774,0.003299,0.003475,0.002494,0.002,0.001764,0.002588,0.001962,0.002798,0.005562,0.003937,0.002714,0.00216,0.002407,0.000952,0.001837,0.002036,0.002488,0.007854,0.004997,0.000341,0.000858,0.002696,0.002273,0.002178,0.002217,0.002457,0.002147,0.002621,0.001199,0.001929,0.002344,0.002446,0.001066,0.001922,0.002264,0.003294,0.002573,0.002226,0.003339,0.003203,0.003529,0.002871,0.002749,0.005291,0.002482,0.006364,0.002962,0.003072,0.003072,0.002795,0.003369,0.002167,0.003057,0.002128,0.002984,0.003273,0.00319,0.002245,0.001717,0.001739,0.004115,0.002434,0.008444,0.007815,0.003282,0.003682,0.000678,0.003073,0.002644,0.003463,0.002042,0.003333,0.003445,0.003613,0.004593,0.002781,0.028609,0.020822,0.017473,1.142118,0.012854,0.002893,0.001556,0.004781,0.002669,0.003327,0.003134,0.001377,0.004073,0.003579,0.060068,0.005157,0.014747,0.003062,0.003598,0.003133,0.004007,0.002796,0.004522,0.020774
"映像･音声･文字情報制作",0.003458,0.003804,0.006514,0.002907,0.003847,0.003662,0.005285,0.006934,0.010106,0.004003,0.006169,0.004397,0.007458,0.00446,0.007049,0.004619,0.005614,0.005395,0.007793,0.004885,0.001002,0.003011,0.002531,0.004044,0.017629,0.014193,0.00046,0.00177,0.004544,0.006166,0.005511,0.003528,0.003483,0.006364,0.004397,0.001986,0.002383,0.00309,0.003308,0.001831,0.002912,0.004138,0.004245,0.004607,0.004524,0.00561,0.005162,0.005944,0.005586,0.006775,0.005494,0.004931,0.006084,0.006781,0.006046,0.006143,0.00509,0.004526,0.004506,0.007738,0.004933,0.005908,0.005343,0.005667,0.004779,0.002914,0.004092,0.00778,0.004729,0.008025,0.013951,0.007347,0.006295,0.00119,0.005569,0.005299,0.004508,0.003014,0.008209,0.007193,0.006426,0.008148,0.009753,0.022188,0.222275,0.018911,0.067735,1.053661,0.009266,0.005602,0.01821,0.006992,0.006895,0.012681,0.004363,0.029141,0.006619,0.266438,0.004685,0.012638,0.009305,0.010049,0.013646,0.022682,0.008035,0.005712,0.014348
"公務",0.002031,0.002661,0.000833,0.00142,0.002999,0.003211,0.003886,0.002569,0.001748,0.005746,0.003716,0.001147,0.001519,0.00269,0.001493,0.001523,0.001426,0.00119,0.000572,0.001228,0.000249,0.000609,0.000744,0.002193,0.001135,0.001175,0.000151,0.00086,0.000993,0.001785,0.001616,0.002387,0.003364,0.001043,0.003124,0.001716,0.001713,0.00418,0.00292,0.001379,0.00224,0.001769,0.002021,0.002845,0.002412,0.001388,0.000783,0.000844,0.001522,0.001108,0.000778,0.001878,0.001002,0.000972,0.001069,0.001185,0.001085,0.005364,0.002662,0.00129,0.002493,0.005104,0.005698,0.002188,0.00324,0.001351,0.000986,0.003141,0.005721,0.002125,0.001579,0.002394,0.00073,0.000221,0.002464,0.003492,0.001413,0.003906,0.003048,0.000824,0.001433,0.00301,0.000786,0.001366,0.003521,0.000755,0.001878,0.001263,1.000791,0.0031,0.002441,0.001054,0.004039,0.003355,0.001365,0.001712,0.001892,0.001669,0.001448,0.001101,0.001582,0.001559,0.002372,0.000767,0.00218,0.001629,0.247498
"教育",0.000142,0.000177,0.000559,0.000225,0.000124,0.000204,0.0005,0.000396,0.000209,0.0002,0.000072,0.000138,0.000184,0.000183,0.000303,0.000266,0.00029,0.000169,0.000168,0.000288,0.000091,0.000202,0.000271,0.000433,0.000431,0.000377,0.000017,0.000065,0.00022,0.000152,0.000113,0.000221,0.00032,0.000742,0.00026,0.000093,0.000169,0.000319,0.000152,0.000069,0.000105,0.000428,0.000235,0.000459,0.000328,0.000329,0.000434,0.000914,0.000623,0.000787,0.000663,0.000465,0.00075,0.000374,0.0003,0.000314,0.000313,0.000537,0.000158,0.000244,0.000209,0.000369,0.000244,0.000322,0.000236,0.000345,0.000285,0.000293,0.000308,0.00029,0.000362,0.000148,0.000114,0.000033,0.003408,0.000286,0.000521,0.000126,0.000224,0.000699,0.000379,0.00037,0.000192,0.00301,0.00113,0.00144,0.003744,0.001016,0.00025,1.000093,0.000239,0.000203,0.000162,0.00023,0.000096,0.000228,0.000284,0.001819,0.000227,0.000627,0.000273,0.00049,0.000584,0.000301,0.00035,0.000266,0.000492
"研究",0,0,0,0,0,0,0,0,0,0,0,0,0,0,0,0,0,0,0,0,0,0,0,0,0,0,0,0,0,0,0,0,0,0,0,0,0,0,0,0,0,0,0,0,0,0,0,0,0,0,0,0,0,0,0,0,0,0,0,0,0,0,0,0,0,0,0,0,0,0,0,0,0,0,0,0,0,0,0,0,0,0,0,0,0,0,0,0,0,0,1,0,0,0,0,0,0,0,0,0,0,0,0,0,0,0,0
"医療",0,0,0,0,0,0,0,0,0,0,0,0,0,0,0,0,0,0,0,0,0,0,0,0,0,0,0,0,0,0,0,0,0,0,0,0,0,0,0,0,0,0,0,0,0,0,0,0,0,0,0,0,0,0,0,0,0,0,0,0,0,0,0,0,0,0,0,0,0,0,0,0,0,0,0,0,0,0,0,0,0,0,0,0,0,0,0,0,0,0,0,1.007231,0,0,0.000586,0,0,0,0,0,0,0,0,0,0,0,0
"保健衛生",0.000473,0.000765,0.005827,0.000092,0.000194,0.000139,0.000186,0.00037,0.000171,0.000741,0.000095,0.000147,0.000145,0.000159,0.000154,0.000301,0.000233,0.000191,0.000244,0.000217,0.000119,0.000145,0.000161,0.000221,0.000219,0.000174,0.000205,0.000139,0.000152,0.000129,0.000177,0.00024,0.000239,0.000238,0.000239,0.000139,0.000163,0.000248,0.000209,0.000245,0.000279,0.000165,0.000155,0.000141,0.000122,0.000131,0.000106,0.000122,0.000149,0.000133,0.000107,0.000166,0.000116,0.000115,0.000154,0.000156,0.00014,0.000199,0.000116,0.000158,0.000776,0.000165,0.000203,0.000145,0.000159,0.000379,0.000559,0.000468,0.000152,0.000145,0.000269,0.00011,0.000078,0.000024,0.000255,0.000133,0.000344,0.000394,0.000453,0.000117,0.026228,0.001481,0.000117,0.001758,0.000814,0.000151,0.00082,0.00055,0.00021,0.000114,0.000159,0.013603,1.059225,0.003494,0.001576,0.000145,0.000078,0.000468,0.000113,0.000135,0.000242,0.000319,0.000115,0.000198,0.000184,0.000286,0.002817
"社会保険･社会福祉",0,0,0,0,0,0,0,0,0,0,0,0,0,0,0,0,0,0,0,0,0,0,0,0,0,0,0,0,0,0,0,0,0,0,0,0,0,0,0,0,0,0,0,0,0,0,0,0,0,0,0,0,0,0,0,0,0,0,0,0,0,0,0,0,0,0,0,0,0,0,0,0,0,0,0,0,0,0,0,0,0,0,0,0,0,0,0,0,0,0,0,0,0,1,0,0,0,0,0,0,0,0,0,0,0,0,0
"介護",0,0,0,0,0,0,0,0,0,0,0,0,0,0,0,0,0,0,0,0,0,0,0,0,0,0,0,0,0,0,0,0,0,0,0,0,0,0,0,0,0,0,0,0,0,0,0,0,0,0,0,0,0,0,0,0,0,0,0,0,0,0,0,0,0,0,0,0,0,0,0,0,0,0,0,0,0,0,0,0,0,0,0,0,0,0,0,0,0,0,0,0,0,0,1,0,0,0,0,0,0,0,0,0,0,0,0
"他に分類されない会員制団体",0.000737,0.001591,0.001962,0.000565,0.008195,0.005089,0.003092,0.001794,0.002057,0.003048,0.002168,0.001052,0.00145,0.001536,0.003022,0.001935,0.001686,0.001363,0.001686,0.006771,0.000903,0.001545,0.001629,0.001216,0.003865,0.001973,0.000202,0.000867,0.001283,0.001697,0.000631,0.001357,0.002462,0.00134,0.001173,0.001656,0.001761,0.001937,0.00191,0.000798,0.001024,0.0017,0.001574,0.002948,0.002561,0.002145,0.001369,0.001413,0.001491,0.001024,0.001379,0.001554,0.001382,0.001525,0.001096,0.001151,0.000944,0.001764,0.001401,0.001576,0.002901,0.001561,0.002992,0.001947,0.002023,0.001616,0.003908,0.009938,0.00252,0.00115,0.003328,0.001541,0.00142,0.0003,0.001754,0.001961,0.001578,0.001544,0.001271,0.001428,0.004646,0.002414,0.000418,0.001873,0.003882,0.001696,0.002827,0.003162,0.000648,0.000768,0.004862,0.002111,0.0015,0.000725,0.000839,1.000785,0.002593,0.004175,0.002414,0.002392,0.002478,0.002461,0.002043,0.007481,0.002963,0.001421,0.0054
"物品賃貸サービス",0.012493,0.014321,0.013518,0.00929,0.008204,0.057109,0.041171,0.010693,0.008909,0.006817,0.002579,0.009066,0.009053,0.014176,0.01222,0.009983,0.009267,0.015139,0.006621,0.011066,0.003046,0.006157,0.005462,0.007772,0.006878,0.008193,0.000707,0.010161,0.009315,0.009957,0.00782,0.009834,0.016342,0.007912,0.014524,0.006236,0.007598,0.010996,0.010674,0.006432,0.008705,0.009275,0.010207,0.012288,0.015409,0.009653,0.014317,0.01169,0.019159,0.01134,0.010031,0.014901,0.011194,0.008665,0.011468,0.010926,0.010833,0.01897,0.023059,0.015326,0.05874,0.027022,0.019018,0.046094,0.065803,0.008714,0.01127,0.009394,0.011899,0.016821,0.014036,0.005677,0.004999,0.001427,0.007298,0.012215,0.135969,0.005934,0.096758,0.016576,0.010153,0.01413,0.00499,0.019937,0.025843,0.017443,0.067858,0.017869,0.019148,0.005465,0.010068,0.010517,0.018613,0.013553,0.022357,0.012811,1.008402,0.019494,0.015531,0.014902,0.017895,0.008386,0.008596,0.011525,0.010077,0.01098,0.016068
"広告",0.00543,0.005019,0.008438,0.004033,0.004769,0.006036,0.007813,0.013749,0.029012,0.005059,0.02118,0.005146,0.009807,0.005905,0.010893,0.008396,0.008926,0.006613,0.005565,0.00763,0.001393,0.004304,0.003882,0.00694,0.05039,0.044604,0.000616,0.002213,0.009021,0.009265,0.005939,0.005681,0.004655,0.00993,0.005746,0.002383,0.003418,0.00422,0.004449,0.002372,0.003698,0.005524,0.004696,0.007365,0.006554,0.009191,0.009422,0.007062,0.00831,0.015277,0.008684,0.00809,0.009605,0.009475,0.014364,0.014729,0.010588,0.006776,0.006628,0.014535,0.004534,0.007561,0.005389,0.006088,0.005162,0.005346,0.01076,0.013235,0.00491,0.013424,0.03156,0.017506,0.016473,0.002607,0.008231,0.005625,0.007974,0.004654,0.016613,0.008075,0.005647,0.014978,0.003018,0.028118,0.03386,0.021933,0.045348,0.042636,0.005086,0.005753,0.007722,0.010477,0.012972,0.005474,0.004264,0.010625,0.011669,1.023189,0.008022,0.018183,0.009265,0.01762,0.017555,0.014703,0.012166,0.009599,0.011095
"自動車整備･機械修理",0.0351,0.020824,0.025511,0.031775,0.012372,0.03472,0.066351,0.017545,0.012381,0.010554,0.004376,0.017964,0.013771,0.024734,0.013471,0.019717,0.013758,0.013535,0.018639,0.028922,0.008866,0.028981,0.018374,0.020365,0.014122,0.014199,0.002788,0.012152,0.017652,0.021729,0.011056,0.017263,0.031471,0.018563,0.025836,0.014874,0.017475,0.021692,0.015233,0.011543,0.015344,0.018999,0.016262,0.016709,0.014636,0.016354,0.017677,0.018904,0.015308,0.014348,0.014313,0.012639,0.012437,0.013289,0.015237,0.015403,0.015879,0.013383,0.01076,0.017663,0.027907,0.01735,0.023121,0.0247,0.024795,0.036823,0.009106,0.036126,0.029979,0.012582,0.009094,0.006486,0.004724,0.001164,0.008503,0.038539,0.222537,0.004567,0.024937,0.018065,0.013778,0.014135,0.006995,0.011744,0.018527,0.02386,0.02149,0.013985,0.020354,0.007641,0.02087,0.008438,0.017699,0.011226,0.008682,0.016205,0.117224,0.015482,1.01649,0.009284,0.017592,0.013746,0.014901,0.015503,0.011566,0.014657,0.016654
"その他の対事業所サービス",0.023733,0.029522,0.041036,0.013328,0.027493,0.061706,0.046824,0.04628,0.037427,0.032455,0.018877,0.031662,0.05507,0.029164,0.052522,0.041468,0.041442,0.055601,0.027848,0.045876,0.010133,0.031316,0.028755,0.035735,0.050207,0.049407,0.005282,0.015265,0.049977,0.040562,0.042381,0.063194,0.069955,0.037803,0.060175,0.018474,0.022645,0.040923,0.032451,0.016527,0.028597,0.038444,0.04225,0.048603,0.042384,0.04751,0.049125,0.052834,0.053234,0.044396,0.049549,0.045124,0.051871,0.059634,0.051932,0.055602,0.054407,0.040741,0.052141,0.042145,0.048623,0.088329,0.049805,0.143496,0.054726,0.054672,0.039839,0.140851,0.057999,0.091223,0.102716,0.102642,0.063474,0.010731,0.051062,0.030467,0.061654,0.027382,0.069961,0.066006,0.148922,0.14209,0.019915,0.143643,0.13399,0.21512,0.232944,0.085292,0.087382,0.04451,0.123526,0.058844,0.07117,0.069209,0.039584,0.090316,0.088341,0.136621,0.067482,1.153923,0.05036,0.049277,0.048921,0.048103,0.037527,0.049404,0.077758
"宿泊業",0,0,0,0,0,0,0,0,0,0,0,0,0,0,0,0,0,0,0,0,0,0,0,0,0,0,0,0,0,0,0,0,0,0,0,0,0,0,0,0,0,0,0,0,0,0,0,0,0,0,0,0,0,0,0,0,0,0,0,0,0,0,0,0,0,0,0,0,0,0,0,0,0,0,0,0,0,0,0,0,0,0,0,0,0,0,0,0,0,0,0,0,0,0,0,0,0,0,0,0,1,0,0,0,0,0,0
"飲食サービス",0,0,0.000002,0.000001,0,0.000001,0.000001,0.000001,0.000001,0.000001,0,0,0,0,0.000001,0.000001,0.000001,0,0,0.000001,0,0.000001,0.000001,0.000001,0.000001,0.000001,0,0,0.000001,0,0,0.000001,0.000001,0.000002,0.000001,0,0,0.000001,0,0,0,0.000001,0.000001,0.000001,0.000001,0.000001,0.000001,0.000002,0.000002,0.000002,0.000002,0.000001,0.000002,0.000001,0.000001,0.000001,0.000001,0.000001,0,0.000001,0.000001,0.000001,0.000001,0.000001,0.000001,0.000001,0.000001,0.000001,0.000001,0.000001,0.000001,0,0,0,0.000009,0.000001,0.000001,0,0.000001,0.000002,0.000001,0.000001,0.000001,0.000008,0.000003,0.000004,0.00001,0.000003,0.000001,0.002723,0.000001,0.001672,0,0.001592,0.00525,0.000001,0.000001,0.000005,0.000001,0.000002,0.014802,1.007135,0.000002,0.000001,0.000001,0.000001,0.000001
"洗濯･理容･美容･浴場業",0.000066,0.000095,0.000336,0.00004,0.000094,0.000129,0.000116,0.000163,0.000188,0.000125,0.000102,0.000131,0.00015,0.000096,0.000108,0.000149,0.000135,0.000117,0.000071,0.000173,0.00002,0.000059,0.000056,0.000112,0.000208,0.000114,0.000012,0.000045,0.000109,0.000098,0.000101,0.000067,0.000068,0.000065,0.000084,0.000067,0.000081,0.000082,0.000111,0.000057,0.000064,0.000107,0.000097,0.000106,0.000079,0.000091,0.000169,0.000169,0.000081,0.000135,0.000115,0.000107,0.000131,0.00018,0.00014,0.00011,0.000133,0.000167,0.000122,0.000127,0.000114,0.000088,0.000107,0.000146,0.000103,0.000095,0.000052,0.000123,0.000152,0.000142,0.00018,0.000103,0.000073,0.000016,0.003101,0.000178,0.000092,0.000123,0.000341,0.000102,0.000205,0.000135,0.00036,0.000635,0.00092,0.000123,0.000865,0.00041,0.000177,0.000184,0.000184,0.010375,0.005181,0.010945,0.009815,0.000156,0.000113,0.001246,0.000095,0.000131,0.01125,0.003051,1.021224,0.000294,0.000488,0.000126,0.000996
"娯楽サービス",0.000221,0.000227,0.000368,0.000169,0.000225,0.000245,0.000324,0.000462,0.000779,0.00024,0.000529,0.00024,0.00042,0.000258,0.000424,0.000322,0.000352,0.000302,0.000359,0.000294,0.000062,0.00018,0.000159,0.00026,0.001361,0.001143,0.000028,0.000101,0.000305,0.000361,0.000298,0.000225,0.000211,0.000378,0.000259,0.000115,0.00015,0.000194,0.000203,0.000108,0.000173,0.000242,0.00024,0.000287,0.000269,0.000349,0.000334,0.00033,0.000334,0.000469,0.000352,0.000306,0.000392,0.000389,0.000434,0.000442,0.000347,0.000289,0.000269,0.001328,0.000255,0.000345,0.000304,0.000313,0.000266,0.000191,0.000305,0.000488,0.000268,0.000555,0.000986,0.00053,0.000477,0.000084,0.000342,0.000287,0.000303,0.000196,0.000548,0.000386,0.000328,0.000545,0.000396,0.0015,0.04638,0.001082,0.011245,0.035932,0.00041,0.000391,0.000784,0.000415,0.000456,0.000548,0.000235,0.001184,0.000428,0.023691,0.000321,0.000796,0.002889,0.001075,0.001031,1.018821,0.002078,0.000459,0.001279
"その他の対個人サービス",0.000297,0.000358,0.001265,0.000263,0.001199,0.000374,0.000469,0.000483,0.000421,0.000374,0.000202,0.000281,0.000414,0.000281,0.000408,0.000349,0.000353,0.000369,0.000272,0.000298,0.000092,0.000254,0.000245,0.000358,0.000545,0.000485,0.000039,0.000159,0.000312,0.000312,0.000319,0.000326,0.000325,0.000357,0.000312,0.000184,0.000231,0.00028,0.000338,0.000175,0.000285,0.00032,0.000282,0.000339,0.000375,0.000359,0.000322,0.000345,0.000405,0.000422,0.000323,0.000373,0.000356,0.00039,0.000391,0.000418,0.000378,0.000418,0.000307,0.000383,0.00045,0.000518,0.000424,0.000699,0.000671,0.000234,0.000268,0.000673,0.000216,0.001086,0.000556,0.001479,0.000844,0.000369,0.000369,0.000493,0.000585,0.000344,0.000558,0.000417,0.000586,0.000656,0.000369,0.000841,0.002672,0.002255,0.001532,0.004921,0.000634,0.000496,0.002872,0.000639,0.000517,0.000465,0.000481,0.002989,0.001274,0.004612,0.000763,0.001353,0.002959,0.000801,0.00238,0.003349,1.009898,0.000492,0.000888
"事務用品",0.001116,0.001854,0.00334,0.00254,0.001833,0.001223,0.002024,0.001923,0.001113,0.000923,0.00026,0.001727,0.002204,0.001793,0.00223,0.001693,0.001729,0.001846,0.001425,0.001776,0.000342,0.000818,0.000992,0.001227,0.001378,0.001615,0.000119,0.000515,0.00082,0.000962,0.002239,0.002588,0.001698,0.002059,0.001978,0.000542,0.000647,0.000932,0.001422,0.000589,0.001063,0.001191,0.001091,0.001611,0.001739,0.001648,0.001541,0.001667,0.00186,0.001679,0.00131,0.001743,0.001736,0.001733,0.00123,0.001182,0.001339,0.001662,0.001933,0.002531,0.001649,0.001575,0.000998,0.00349,0.001307,0.000594,0.000592,0.001866,0.003883,0.002733,0.004362,0.002031,0.001209,0.000362,0.002403,0.002098,0.002454,0.002523,0.002981,0.006525,0.002678,0.00358,0.004308,0.003976,0.004041,0.001615,0.004127,0.003781,0.003548,0.002035,0.007445,0.001989,0.003169,0.004828,0.006028,0.005967,0.001667,0.00357,0.002189,0.002455,0.003423,0.001982,0.004715,0.003075,0.003347,1.001856,0.001952
"分類不明",0.008237,0.010791,0.003378,0.00576,0.012159,0.013022,0.015759,0.010416,0.007089,0.023302,0.015069,0.004653,0.006158,0.010907,0.006054,0.006175,0.005782,0.004825,0.002321,0.004981,0.00101,0.002471,0.003015,0.008893,0.004602,0.004765,0.000613,0.003487,0.004028,0.007238,0.006551,0.009679,0.013643,0.00423,0.012667,0.006957,0.006945,0.016953,0.011842,0.005592,0.009083,0.007175,0.008196,0.011537,0.009781,0.00563,0.003176,0.003422,0.006172,0.004492,0.003154,0.007615,0.004062,0.003943,0.004336,0.004807,0.004399,0.021752,0.010794,0.00523,0.010107,0.020698,0.023104,0.008873,0.013137,0.00548,0.004,0.012738,0.023201,0.008617,0.006404,0.009706,0.00296,0.000895,0.00999,0.014159,0.00573,0.015839,0.012359,0.00334,0.005809,0.012204,0.003189,0.005538,0.014278,0.00306,0.007617,0.005123,0.003208,0.012571,0.009899,0.004273,0.016379,0.013605,0.005536,0.006944,0.007673,0.006769,0.00587,0.004464,0.006416,0.006321,0.009617,0.003109,0.008841,0.006607,1.003643
