"平成27年(2015年)産業連関表 取引基本表(生産者価格評価)(統合中分類)(単位:100万円)(総務省)","耕種農業","畜産","農業サービス","林業","漁業","石炭･原油･天然ガス","その他の鉱業","食料品","飲料","飼料･有機質肥料(別掲を除く。)","たばこ","繊維工業製品","衣服･その他の繊維既製品","木材･木製品","家具･装備品","パルプ･紙･板紙･加工紙","紙加工品","印刷･製版･製本","化学肥料","無機化学工業製品","石油化学系基礎製品","有機化学工業製品(石油化学系基礎製品･合成樹脂を除く。)","合成樹脂","化学繊維","医薬品","化学最終製品(医薬品を除く。)","石油製品","石炭製品","プラスチック製品","ゴム製品","なめし革･革製品･毛皮","ガラス･ガラス製品","セメント･セメント製品","陶磁器","その他の窯業･土石製品","銑鉄･粗鋼","鋼材","鋳鍛造品(鉄)","その他の鉄鋼製品","非鉄金属製錬･精製","非鉄金属加工製品","建設用･建築用金属製品","その他の金属製品","はん用機械","生産用機械","業務用機械","電子デバイス","その他の電子部品","産業用電気機器","民生用電気機器","電子応用装置･電気計測器","その他の電気機械","通信･映像･音響機器","電子計算機･同附属装置","乗用車","その他の自動車","自動車部品･同附属品","船舶･同修理","その他の輸送機械･同修理","その他の製造工業製品","再生資源回収･加工処理","建築","建設補修","公共事業","その他の土木建設","電力","ガス･熱供給","水道","廃棄物処理","商業","金融･保険","不動産仲介及び賃貸","住宅賃貸料","住宅賃貸料(帰属家賃)","鉄道輸送","道路輸送(自家輸送を除く。)","自家輸送","水運","航空輸送","貨物利用運送","倉庫","運輸附帯サービス","郵便･信書便","通信","放送","情報サービス","インターネット附随サービス","映像･音声･文字情報制作","公務","教育","研究","医療","保健衛生","社会保険･社会福祉","介護","他に分類されない会員制団体","物品賃貸サービス","広告","自動車整備･機械修理","その他の対事業所サービス","宿泊業","飲食サービス","洗濯･理容･美容･浴場業","娯楽サービス","その他の対個人サービス","事務用品","分類不明","内生部門計","家計外消費支出(列)","民間消費支出","一般政府消費支出","一般政府消費支出(社会資本等減耗分)","国内総固定資本形成(公的)","国内総固定資本形成(民間)","在庫純増","国内最終需要計","国内需要合計","輸出","輸出計","最終需要計","需要合計","(控除)輸入","(控除)関税","(控除)輸入品商品税","(控除)輸入計","最終需要部門計","国内生産額"
"耕種農業",212720,291835,6421,1810,0,0,0,2976530,316893,419266,84089,22754,3653,112,0,3167,49,0,0,0,0,556,0,812,29398,3579,0,0,0,156018,0,0,0,0,918,0,0,0,0,0,116,0,0,0,0,0,0,0,0,0,0,0,0,0,0,0,0,0,0,12677,0,20642,89,28293,12044,0,0,0,0,11343,0,11,3,167,0,0,0,0,0,0,0,1828,0,0,0,0,0,0,1218,45916,0,50363,0,32012,50916,9212,800,0,0,66,56124,641252,384,29099,42079,0,0,5577234,50367,2670607,0,0,0,33372,-23733,2730613,8307847,36782,36782,2767395,8344629,-2141134,-32636,-173817,-2347587,419808,5997042
"畜産",44268,339181,16946,12,0,0,0,2600595,0,1825,0,1978,938,0,0,0,0,0,245,0,0,0,0,0,122,0,0,0,0,0,6212,0,0,3,0,0,0,0,0,0,0,0,0,0,0,0,0,0,0,0,0,0,0,0,0,0,0,0,0,582,0,0,0,0,0,0,0,0,0,0,0,0,0,0,0,0,0,0,0,0,0,229,0,0,0,0,0,0,106,5574,28713,6738,0,4856,9160,0,0,0,0,0,9248,164616,0,27,1575,0,0,3243749,0,235702,0,0,0,160052,-5230,390524,3634273,3611,3611,394135,3637884,-53023,-4761,-4613,-62397,331738,3575487
"農業サービス",329390,156508,0,21,0,0,0,0,0,0,0,0,0,0,0,0,0,0,0,0,0,0,0,0,0,0,0,0,0,0,0,0,0,0,0,0,0,0,0,0,0,0,0,0,0,0,0,0,0,0,0,0,0,0,0,0,0,0,0,0,0,0,0,0,0,0,0,0,0,0,0,0,0,0,0,0,0,0,0,0,0,0,0,0,0,0,0,0,0,8252,0,0,0,0,0,0,0,0,0,0,0,0,0,11360,0,0,0,505531,0,411830,0,0,0,0,0,411830,917361,0,0,411830,917361,0,0,0,0,411830,917361
"林業",1621,0,0,101632,251,42,21,13573,0,265,0,31,0,357553,36,1530,2,0,0,623,0,0,0,0,0,5188,0,0,0,0,1455,0,0,1,0,0,0,2,0,0,0,0,0,0,0,0,0,0,0,0,0,0,0,0,0,0,0,14,0,1385,0,345,491,1323,247,0,0,0,0,0,0,0,0,0,0,0,0,0,0,0,0,0,0,0,0,0,0,0,157,1988,0,523,0,1260,2329,0,0,0,0,0,5257,51612,0,0,913,0,0,551670,3108,174150,0,0,0,0,211182,388440,940110,9787,9787,398227,949897,-137099,-1553,-11091,-149743,248484,800154
"漁業",0,0,0,0,64122,0,0,1071819,0,2796,0,3,0,0,0,0,0,0,20,0,0,0,0,0,1004,0,0,0,0,0,0,0,0,0,0,0,0,0,0,0,0,0,0,0,0,0,0,0,0,0,0,0,0,0,0,0,0,0,0,47904,0,0,0,0,0,0,0,0,0,0,0,0,0,0,0,0,0,0,0,0,0,212,0,0,0,0,0,0,247,2154,0,12048,0,7589,16660,0,0,0,0,0,19669,182487,0,281,3226,0,0,1432241,14509,329542,0,0,0,0,7032,351083,1783324,62427,62427,413510,1845751,-222498,-7361,-18314,-248173,165337,1597578
"石炭･原油･天然ガス",0,96,0,75,0,237,0,8595,1144,757,97,1134,191,12,0,44545,630,0,33518,3882,1291,31756,2400,7118,1305,2642,9071166,759461,324,732,30,6792,51516,8765,10988,60882,41290,1984,32,5591,2211,323,2186,546,476,5,503,1760,575,0,0,173,0,163,711,13,5053,0,168,134,243,20,8,133,56,5801547,1817478,0,11,264,42,78,0,0,154,1,0,3,0,134,17,136,0,0,3,0,0,14,5,115,1617,422,0,43,145,282,623,0,14,19,449,23,607,116,9,0,0,17800809,0,14,0,0,0,0,19041,19055,17819864,91,91,19146,17819955,-15676411,0,-1954610,-17631021,-17611875,188934
"その他の鉱業",0,0,0,239,0,0,1264,76,0,362,0,3,0,3,0,8126,30,0,1598,54548,-62,939,217,0,566,1076,-18500,27900,0,587,16,62227,165725,27599,73183,1263569,0,591,0,1256206,259,349,151,87,466,370,0,0,0,0,0,0,0,0,0,0,0,0,0,4082,0,63737,2947,191776,121733,-215,0,0,0,0,0,0,0,0,0,0,0,0,0,0,0,0,0,0,0,0,0,0,437,0,0,0,0,0,0,0,0,0,0,0,-249,-791,0,317,640,0,1035,3315219,-5364,-6134,0,0,0,-6516,-20892,-38906,3276313,44984,44984,6078,3321297,-2465108,0,-197208,-2662316,-2656238,658981
"食料品",0,52610,0,14609,55253,0,0,5593338,485878,400758,250,556,7615,3102,0,16620,122,0,55,538,0,17531,201,0,71776,108332,70,0,220,6,20641,182,0,568,2257,0,0,21,0,0,0,0,0,0,0,0,0,0,0,0,0,0,0,0,0,0,0,0,0,10397,0,0,0,0,0,0,0,0,0,0,0,0,0,0,0,0,0,0,0,0,0,4377,0,0,0,0,0,10,11845,164023,0,184596,0,116008,214842,6238,0,0,0,0,247185,4646144,0,348,43212,0,0,12502334,419426,19805486,0,0,0,0,-27288,20197624,32699958,523413,523413,20721037,33223371,-4727859,-419001,-409352,-5556212,15164825,27667159
"飲料",0,818,35,0,20585,0,0,52039,373820,0,0,0,0,0,0,0,0,0,0,0,0,35,0,0,357,15,0,0,0,0,0,0,0,0,0,0,0,0,0,0,0,0,0,0,0,0,0,0,0,0,0,0,0,0,0,0,0,0,0,0,0,0,0,0,0,0,0,0,0,9425,0,0,0,0,0,0,0,0,0,0,0,4648,0,0,0,0,0,5,986,2473,0,22486,0,12779,24066,0,0,0,0,398,119594,2131236,0,5,10981,0,14328,2801114,282661,4518157,0,0,0,0,-21198,4779620,7580734,80297,80297,4859917,7661031,-506406,-30453,-120843,-657702,4202215,7003329
"飼料･有機質肥料(別掲を除く。)",47131,1189364,16902,8118,78742,0,0,-79,0,68716,0,-4,0,0,0,0,0,0,146,0,0,0,0,0,0,0,0,0,0,0,0,0,0,0,0,0,0,0,0,0,0,0,0,0,0,0,0,0,0,0,0,0,0,0,0,0,0,0,0,0,0,0,0,1513,0,0,0,0,0,4004,0,0,0,0,0,0,0,0,0,0,0,0,0,0,0,0,0,0,6,7855,70305,1837,0,579,230,0,0,0,0,0,0,0,0,11351,0,0,0,1506716,0,179899,0,0,0,0,6694,186593,1693309,7936,7936,194529,1701245,-177656,-759,-14256,-192671,1858,1508574
"たばこ",0,0,0,0,0,0,0,0,0,0,0,0,0,0,0,0,0,0,0,0,0,0,0,0,0,0,0,0,0,0,0,0,0,0,0,0,0,0,0,0,0,0,0,0,0,0,0,0,0,0,0,0,0,0,0,0,0,0,0,0,0,0,0,0,0,0,0,0,0,0,0,0,0,0,0,0,0,0,0,0,0,0,0,0,0,0,0,0,0,0,0,0,0,0,0,0,0,0,0,0,0,0,0,0,0,0,0,0,170568,3286851,0,0,0,0,24594,3482013,3482013,79278,79278,3561291,3561291,-389917,-324,-1009463,-1399704,2161587,2161587
"繊維工業製品",1061,94,96,1519,22481,0,6,54,1123,0,84,287257,525532,823,17724,7757,33310,2322,385,0,0,0,0,4961,2,358,1,0,7333,58030,8766,2234,23,0,3409,0,0,44,0,0,3449,768,2311,587,9489,1281,11440,1085,0,5974,0,1477,929,0,12070,232,18757,6826,1569,11778,32,12649,31161,1434,303,0,0,535,216,27470,260,15,0,0,3467,1050,134,11179,166,544,570,5647,49,114,32,7346,8,1027,3051,116,14,2680,4535,793,742,553,1654,0,140,15901,3081,16,937,20253,3040,24426,659,1264810,1275,80530,0,0,554,48324,-26215,104468,1369278,522337,522337,626805,1891615,-435621,-10130,-35646,-481397,145408,1410218
"衣服･その他の繊維既製品",33823,2351,4616,141,9727,769,2534,32528,4061,50,96,3299,29670,3856,3606,6338,4582,1621,1845,1605,123,3217,1140,388,6956,6169,153,291,3992,6860,486,4969,2536,3121,3617,700,4947,2266,1135,503,3815,4266,7165,10684,12623,6465,14336,22108,15617,11708,1814,3197,6243,2000,34387,3336,11595,2609,1951,17140,1549,98767,19542,15051,12091,2314,1425,3757,9143,373134,53107,1944,251,0,8955,18972,5074,10801,5244,300,1923,13520,2460,7129,3514,18467,3097,12078,128037,2562,19307,96970,8249,55564,28610,111299,35984,2745,9917,81655,47457,18581,30261,37590,34825,4115,1727,1852810,109366,4314048,0,0,279,270364,176545,4870602,6723412,125494,125494,4996096,6848906,-4073894,-259207,-340023,-4673124,322972,2175782
"木材･木製品",453,12740,93,4651,2447,96,408,11508,2017,5917,1,300,702,423865,200390,292675,8069,209,86,1,0,772,48,0,58,1969,0,0,1777,100,515,7814,196,15910,3610,0,584,646,22,0,10954,5703,4977,1451,2827,10782,340,1081,1571,955,234,1196,414,71,741,2175,7166,8448,4168,107460,0,1877110,172669,22315,36817,47910,32,0,15,73729,3024,2,15,108,24,9,0,818,14,2,1035,63878,56,659,440,293,113,1034,1407,564,1986,45,885,329,266,600,425,4,357,10132,1137,24523,1768,5824,4891,0,107,3530734,5371,47347,1731,0,668,17245,-11197,61165,3591899,35734,35734,96899,3627633,-1102916,-27470,-90362,-1220748,-1123849,2406885
"家具･装備品",0,0,45,108,607,670,941,10204,3865,22,448,1164,1431,735,50325,3902,2742,2072,399,1889,161,3746,1039,320,11305,4000,76,160,9401,3947,51,431,1708,3284,2291,839,2278,1786,12,153,2098,1447,1790,3378,6156,2785,6491,7220,6182,3096,1758,2140,8493,5741,4082,1539,8223,14062,2507,13521,127,309156,273537,825,1013,12948,1718,12749,12794,115911,85989,6608,15683,7659,2356,6601,0,4489,2076,320,4686,16289,477,45205,3165,69289,10661,13163,35696,47910,67961,77898,1449,75471,35149,62749,15234,4107,2427,88624,15271,71268,4991,43785,26265,0,1449,1944464,20925,137192,344,0,13515,427916,-27976,571916,2516380,78243,78243,650159,2594623,-694405,-1830,-55230,-751465,-101306,1843158
"パルプ･紙･板紙･加工紙",720,0,137,0,326,0,0,6438,3768,173,8366,1131,5578,23034,23748,1383000,933024,654139,0,2678,0,5,2825,11898,13947,22777,0,0,40322,10023,260,15347,0,10116,14894,0,1088,0,506,0,6060,802,3464,6662,3273,2315,5876,31830,37957,5592,395,10033,5987,2791,4,18,12971,47,1,43537,124,116308,30412,11,6,0,0,1,881,-44283,16791,0,0,4068,0,3803,0,412,308,1347,8325,61253,0,2057,6,112401,944,406043,6437,44974,75468,12,5272,12145,8704,8948,0,21,2538,88037,5087,2,2911,5492,391,178405,2277,4538222,-38161,-99900,0,0,0,0,-36970,-175031,4363191,304539,304539,129508,4667730,-389376,0,-31104,-420480,-290972,4247250
"紙加工品",200230,23537,28901,3454,1878,0,0,388796,189729,2204,10842,2386,8987,2540,19205,4328,42668,5319,1508,2131,0,8091,7335,3896,147217,132766,0,28,23674,2651,2593,16597,7586,16604,6635,0,0,10,1285,0,1167,322,22716,5286,6821,19359,5059,23386,14166,12955,1827,15212,6662,1670,889,228,8531,97,832,20245,1154,582,25338,1,0,0,0,212,3030,618584,49247,596,0,0,1995,6705,0,2984,1443,212,3436,52861,510,4252,1524,19355,1422,4785,6242,15278,35339,41023,5618,62823,41607,8309,113,4216,35,40480,3417,80990,2583,5010,11317,453691,1858,3103218,83918,259984,0,0,0,0,10294,354196,3457414,172671,172671,526867,3630085,-160888,-24,-12837,-173749,353118,3456336
"印刷･製版･製本",698,0,253,23,725,138,225,262666,10949,254,3007,385,7927,2303,6075,1015,44656,246832,121,259,199,1311,340,2140,16031,48046,200,140,3892,3037,261,7255,253,1183,394,164,887,2537,117,415,4425,1437,26101,13221,20744,25878,40562,16166,9748,32141,3906,1978,23906,7712,21208,3811,10316,3120,12027,22857,2696,18837,10219,5942,2755,25811,15404,13084,15721,544296,553092,4599,449,0,11435,23599,0,3920,1861,1733,2151,54592,10238,119921,11083,131792,30352,602150,287817,135108,363848,104792,11503,78763,17718,180586,11940,310363,13057,119770,2452,13631,10770,60443,28352,0,262,4947484,16875,42974,0,0,0,0,-6897,52952,5000436,36355,36355,89307,5036791,-59600,0,-4748,-64348,24959,4972443
"化学肥料",323372,0,509,73,0,0,0,106,183,3,0,8,6,19,0,9,26,14,71523,12406,0,41440,6399,176,7804,17515,40,-4359,0,115,5,81,0,0,137,-15936,4028,0,0,273,17,0,0,0,196,0,0,34,0,0,0,684,0,0,0,0,0,0,0,73,0,0,0,5010,1676,2469,415,0,0,0,0,79,0,0,0,0,0,0,0,0,20,0,0,0,0,0,0,0,128,0,0,0,0,0,0,0,0,0,0,0,0,0,0,1393,4340,0,6049,488558,0,7071,0,0,0,0,-349,6722,495280,13576,13576,20298,508856,-110939,-41,-8879,-119859,-99561,388997
"無機化学工業製品",6790,2049,1724,30,1990,0,106,113953,30268,3493,28,20074,1274,666,790,47869,3315,30,33993,327943,17478,171594,39963,6089,193292,325073,584,345,42903,113604,430,42945,2853,11617,5376,52080,33529,2712,534,9725,13480,18200,6848,13391,10458,3773,60524,18161,7188,12851,2663,41569,11095,3759,1921,76,4240,4779,3409,10927,540,4848,3740,7935,7214,84,54,34404,32247,0,0,0,0,0,206,752,0,0,0,0,1351,2456,0,0,0,0,0,1662,5710,400,90086,15085,22379,3310,2917,0,0,1906,4461,0,391,8607,10949,6377,288,0,4680,2193462,13,11151,0,0,0,0,-20627,-9463,2183999,366592,366592,357129,2550591,-500466,-7169,-40607,-548242,-191113,2002349
"石油化学系基礎製品",0,0,0,0,0,0,0,0,0,0,131,86,0,0,0,1419,55,85,6402,10882,540667,1264502,532115,917,2850,135075,1941,0,194,966,0,1249,0,0,492,0,0,41,0,0,0,0,2,191,41,0,163,985,0,0,0,0,0,0,0,0,0,34,0,1149,0,0,0,0,0,0,1058,0,0,0,0,0,0,0,0,0,0,0,0,0,0,0,0,0,0,0,0,102,0,0,22366,3045,111,0,0,0,0,0,0,0,0,0,0,0,0,0,0,2529316,0,0,0,0,0,0,-57139,-57139,2472177,615654,615654,558515,3087831,-42821,0,-3425,-46246,512269,3041585
"有機化学工業製品(石油化学系基礎製品･合成樹脂を除く。)",0,2,465,52,0,0,645,89292,31481,2220,1626,24044,1214,4420,2623,62836,27098,2649,2371,48375,53041,1694259,956460,130223,476371,989872,3681,2150,401193,388362,915,16741,455,532,51551,517,0,45,0,1016,13466,380,1524,7125,360,8235,45409,14182,9020,10382,1937,6132,1406,41,471,301,8312,340,55,4289,0,1682,2463,3,0,0,13,306,0,0,0,0,0,0,0,6,0,0,0,0,11,4343,4,0,0,0,0,2094,165,10996,79561,17818,1647,131,644,0,11,0,4159,0,0,0,3802,0,600,0,1298,5733921,0,141,0,0,0,0,-12623,-12482,5721439,1747193,1747193,1734711,7468632,-1693541,-14234,-136622,-1844397,-109686,5624235
"合成樹脂",0,0,0,0,0,0,0,1531,0,26,0,2659,83,6249,1379,12050,11137,2602,0,0,0,0,7975,32256,0,143697,0,1,1669123,1703,2573,1212,0,0,4052,0,144,0,0,0,23793,128,1387,26,1167,18078,24569,21661,26391,13993,0,13661,6992,2171,0,0,83082,1127,208,15620,0,1,0,0,0,0,0,0,0,0,0,0,0,0,0,0,0,0,0,0,0,0,0,0,0,0,0,210,0,0,0,6930,394,0,143,0,0,0,0,0,0,0,0,0,0,0,7156,2169340,0,0,0,0,0,0,-14627,-14627,2154713,1031641,1031641,1017014,3186354,-611820,-12882,-49976,-674678,342336,2511676
"化学繊維",0,0,0,0,0,0,0,0,0,0,24259,177728,122608,231,1641,4941,74,0,0,0,0,0,0,39,0,0,0,350,3480,416,556,1093,0,0,15238,0,0,0,0,0,0,0,0,0,0,3337,0,0,0,0,0,0,0,0,0,0,0,0,0,37422,0,0,0,0,0,0,0,0,0,0,0,0,0,0,0,0,0,0,0,0,0,0,0,0,0,0,0,0,44,0,0,0,0,0,0,0,0,0,0,0,0,0,0,0,0,0,610,394067,0,0,0,0,0,0,-35047,-35047,359020,238950,238950,203903,597970,-92617,-3913,-7722,-104252,99651,493718
"医薬品",0,30775,39665,0,8815,0,0,5361,0,3114,76,0,99,0,0,0,0,0,0,0,0,0,0,0,269135,8765,0,0,0,0,0,0,0,0,0,0,0,0,0,0,0,0,0,0,0,0,0,0,0,0,0,0,0,0,0,0,0,0,0,0,32,0,0,0,0,0,0,135,24545,0,0,0,0,0,0,235,0,102,6,0,0,0,1217,0,0,0,0,26,12841,123,15048,8412836,31415,78690,37791,0,0,0,0,0,95,0,0,247,21,0,8861,8990071,91652,609977,0,0,0,0,14452,716081,9706152,498015,498015,1214096,10204167,-2914771,-806,-233156,-3148733,-1934637,7055434
"化学最終製品(医薬品を除く。)",256225,6449,4156,437,6026,358,11372,60178,22572,25,4235,26700,15941,77071,45096,43848,63020,150987,1483,26700,15317,61633,20943,6756,108911,812688,10858,15375,59589,32353,617,3933,19031,540,27757,1511,12162,8951,392,78,12639,28642,45356,24426,54144,80296,16814,30810,33159,8340,6389,19221,17146,12530,81097,40852,246919,41177,18579,100173,215,173021,80971,21605,18722,3763,10633,5014,12539,848,807,215,303,2213,647,6371,814,934,629,19,472,3416,9,5,2218,15044,3,42802,17152,863,125599,75393,17383,32335,29320,10480,31636,34999,64626,167309,15501,61431,141705,29225,53110,13665,5637,4292604,81517,1911356,0,0,0,0,5263,1998136,6290740,1837879,1837879,3836015,8128619,-1137730,-12690,-89261,-1239681,2596334,6888938
"石油製品",62646,4806,3600,7887,80086,677,18087,124709,21090,8342,630,16423,4758,4891,3328,24456,13054,8431,22045,36062,1958332,76769,3644,4257,13735,35843,828873,152068,10246,16159,612,31675,24390,30129,32831,18429,33403,6048,3552,9972,9401,12087,22148,13242,17798,6113,10312,8023,9408,2224,471,4708,1791,602,9074,3108,60619,9976,22013,2840,6810,68573,37266,132948,39185,701207,122807,52126,55473,150537,15618,21334,10926,57,24071,1008568,3232764,413566,719510,24915,2724,14975,6884,11261,4687,12441,897,9715,426913,39404,112411,95658,6882,18062,30739,14528,18427,8204,51726,75492,12493,104606,41816,73979,24016,0,90805,12130939,15755,5088280,0,0,0,0,-12988,5091047,17221986,1426197,1426197,6517244,18648183,-2983378,-5869,-276324,-3265571,3251673,15382612
"石炭製品",0,0,0,0,0,0,166,163,0,0,0,1,0,1,0,206,0,0,1776,1041,677,18291,0,0,0,701,0,57884,567,0,0,0,348,0,15063,419823,109910,19950,140,4049,346,68,366,153,242,153,0,0,44,0,2,0,27,0,0,0,1319,20,1409,42,186,21863,335,337479,104950,401756,0,1,896,-484,0,0,0,0,131,0,0,0,0,0,0,0,0,0,0,0,0,117,0,0,0,0,0,180,213,945,141,0,0,147,10,13768,0,0,464,0,57,1538103,136,-1491,0,0,0,0,-16605,-17960,1520143,17988,17988,28,1538131,-77478,-2273,-6380,-86131,-86103,1452000
"プラスチック製品",50125,7937,2721,10981,23642,287,260,446475,250681,1112,3141,5202,23802,20673,61539,19156,142543,237946,3938,15660,0,11419,2396,3157,252039,194418,1912,0,2700566,127945,18291,28458,2364,1299,5435,0,331,560,156,1775,44545,11307,24924,53782,106962,196500,120021,108719,156941,114760,15040,234761,129828,61760,371978,28678,746225,14111,52377,258350,2278,338332,189041,110857,93480,0,0,165949,8221,474270,98815,7950,18197,20774,0,5759,366,865,2262,1672,7450,31330,0,471,3354,170495,280,19598,27763,5637,149996,54154,82,1601,2873,11362,4135,33888,74850,71350,9000,31737,16794,47216,7077,54196,17103,9924791,17186,373606,3896,0,0,-680,-20742,373266,10298057,1591457,1591457,1964723,11889514,-959465,-24563,-78720,-1062748,901975,10826766
"ゴム製品",11218,1722,6429,465,1674,1032,2400,8102,1076,8,3,389,7614,783,2235,676,4382,2857,463,395,1358,5548,1584,0,10141,2734,0,354,7874,138764,12832,329,5193,374,3225,4915,10794,1909,292,70,925,13343,6883,81968,233606,74908,29602,6603,72080,20620,2793,9927,25761,4493,217456,109465,421037,27507,38899,22070,5209,8737,3045,41516,36079,0,0,5965,58286,10882,363,0,0,0,1146,27866,63459,9507,0,844,1296,756,484,3560,216,0,1328,197,47750,1789,7876,49790,1617,15383,15492,23211,5241,99,482114,1739,6556,4045,2588,20710,4854,15008,1334,2670096,8185,523387,0,0,0,0,-11415,520157,3190253,871221,871221,1391378,4061474,-793077,-31260,-65916,-890253,501125,3171221
"なめし革･革製品･毛皮",521,24,20,82,592,0,1716,831,107,1,0,183,6092,547,1756,247,404,438,45,41,99,59,37,41,60,1982,7,328,1171,481,57660,25,320,551,252,175,550,649,39,35,249,1414,300,275,4080,11407,1887,1772,519,44,587,75,1234,91,1584,338,2910,115,370,10846,71,86,171,137,478,1062,15103,591,867,8732,4062,19,4,0,1648,587,0,71,11,5,37,476,851,50914,1094,84,5955,215,10691,1556,11264,1370,452,753,467,7073,7285,200,123,5059,2335,381,2193,2655,8805,0,5107,279365,38115,1112253,0,0,0,0,-1313,1149055,1428420,25911,25911,1174966,1454331,-957210,-80408,-73381,-1110999,63967,343332
"ガラス･ガラス製品",0,0,0,553,0,0,0,21908,76634,0,1,547,1719,141,26257,317,0,36,23,3209,111,3250,71,0,69308,52333,0,0,37267,2004,1,55370,66,0,3410,0,0,0,0,0,32176,1799,5684,4161,2356,114488,38568,50446,1527,6170,1399,38762,2462,253,176126,18241,571,1488,29947,31528,24,106810,22272,614,615,0,0,6,542,7271,172,0,0,0,17,320,0,285,130,1,0,3,0,0,0,0,0,65,3096,9381,38109,14910,7708,2403,2517,1238,0,213,44018,423,3840,12017,582,5490,466,0,6042,1204288,5949,18096,0,0,0,0,-20360,3685,1207973,294898,294898,298583,1502871,-243697,-1572,-19565,-264834,33749,1238037
"セメント･セメント製品",0,0,0,58,0,142,57,0,0,0,0,0,0,17,0,0,0,0,0,0,0,0,0,0,0,104,19,93,0,0,0,0,282430,0,1825,0,0,167,0,0,0,15,517,46,0,0,0,0,0,0,0,22,0,0,0,0,0,0,10,1534,0,902869,400953,728523,311302,0,35,0,934,0,0,3,492,5210,0,0,0,0,0,0,0,0,0,0,0,0,0,0,184,0,460,0,0,0,0,0,0,0,0,0,0,0,0,0,0,0,3250,2641271,0,1525,0,0,0,0,-1408,117,2641388,43630,43630,43747,2685018,-16814,-91,-1352,-18257,25490,2666761
"陶磁器",697,0,0,0,0,0,0,0,1062,0,0,0,0,14,2808,0,0,0,0,445,0,14,0,0,0,374,0,0,657,0,0,3,167,4162,1,0,0,12,0,0,0,3,1598,356,1115,3207,26765,277236,25228,66,881,1668,3995,0,0,0,3183,23,195,1048,80,157854,9421,3068,4526,0,0,0,900,5801,108,0,0,0,0,331,0,428,1,10,2,43,0,0,0,0,0,0,1863,2429,203,7963,448,10374,7204,800,1,0,0,185,5360,32273,0,151,1364,0,5412,615586,2801,21998,0,0,0,0,680,25479,641065,166267,166267,191746,807332,-127047,-1056,-10147,-138250,53496,669082
"その他の窯業･土石製品",18320,5174,2389,33,77,229,0,4220,226,3358,2,0,0,353,1767,5755,66,88,1640,36047,31,2950,1061,58,8010,3763,244,4832,1395,824,19,18635,39970,15966,92877,100617,5714,27254,0,37447,8972,13448,18415,61746,69231,8828,54453,20527,38850,4315,3316,21297,5736,2524,26577,2638,45700,3442,3833,10828,0,265526,184131,68718,94559,734,295,20262,0,6178,67,0,0,0,0,0,0,22,0,0,0,5,0,0,0,0,0,508,1927,25652,3212,1835,0,0,68,0,0,0,1936,103,201,2175,203,5598,4378,7297,7368,1569045,3020,93849,0,0,0,0,-37146,59723,1628768,426804,426804,486527,2055572,-293714,-1503,-23617,-318834,167693,1736738
"銑鉄･粗鋼",0,0,0,0,0,0,-1,0,0,0,0,0,0,0,-2,0,0,0,-1,137,0,0,0,0,0,14,0,-6,-2,0,0,0,-8,-3,-25,3573104,5709018,273497,6646,0,24,-2030,-11904,-4532,-11010,-1607,0,-25,-1928,-1133,-5,-1275,-590,-22,-1865,-2266,-4699,-6329,-1656,-181,0,0,-4574,-1129,-623,0,0,0,0,0,0,0,0,0,0,0,0,0,0,0,0,0,0,0,0,0,0,0,0,0,0,0,0,0,0,0,0,0,0,0,0,0,0,0,14,0,0,9503023,0,-34627,0,0,-28047,-168467,-2400,-233541,9269482,377649,377649,144108,9647131,-316641,-2303,-25516,-344460,-200352,9302671
"鋼材",341,22,1,8,107,1470,491,0,0,0,0,102,450,1359,41073,0,0,0,0,0,0,0,0,0,0,0,0,0,15549,11936,3,0,31880,0,3536,0,3298312,140872,1254996,597,6887,671404,916836,644037,820814,82940,4934,35707,300144,74001,8515,59668,21757,5587,540755,242587,528096,310714,83388,20098,0,612201,158156,253064,279435,0,0,10,0,0,0,0,0,0,0,0,0,0,0,0,0,13570,0,0,0,0,0,0,115,0,0,0,0,0,0,0,0,0,2923,0,0,0,0,0,446,0,16077,11517971,0,0,0,0,0,0,-210168,-210168,11307803,3142381,3142381,2932213,14450184,-453221,0,-36260,-489481,2442732,13960703
"鋳鍛造品(鉄)",0,0,0,0,257,15,296,0,0,0,0,0,0,4,1153,0,0,0,0,0,0,0,0,0,0,0,0,0,0,0,41,0,288,1494,526,0,0,10746,0,0,0,58498,41285,325570,429001,34172,0,2848,86495,2685,4223,4471,2499,2758,6980,1922,577430,67936,54407,5506,0,8230,2916,14553,76432,0,0,106,0,0,0,0,0,0,0,0,0,14,0,0,0,0,0,0,0,0,0,0,117,0,0,25,0,73,84,20,0,0,0,0,108,675,0,30,145,34,3937,1831005,0,37,0,0,0,0,-24790,-24753,1806252,44621,44621,19868,1850873,-28318,-3,-2263,-30584,-10716,1820289
"その他の鉄鋼製品",0,0,0,0,0,0,0,0,0,0,0,0,0,104,71611,0,0,0,0,592,0,12,0,0,0,183,0,0,652,0,0,51,7784,771,3630,849,0,1228,0,0,2893,426138,550224,226907,293617,38619,992,31878,88441,64528,90,24762,15289,1476,79528,21390,232641,123121,74357,6986,0,7676,7671,4885,775,0,0,0,0,0,0,0,0,0,0,0,0,0,0,0,0,0,0,0,0,0,0,0,1138,0,0,0,0,0,0,0,0,0,5231,0,0,0,0,0,0,0,3050,2421770,0,0,0,0,0,0,-1990,-1990,2419780,19923,19923,17933,2439703,-167263,0,-13381,-180644,-162711,2259059
"非鉄金属製錬･精製",0,0,0,0,0,0,0,0,0,0,0,5,0,64,1204,443,0,-2958,0,70417,0,8422,0,0,0,34475,0,0,6213,-54,0,7637,0,21405,23633,57765,153659,3939,-506,606260,2736750,-1542,151076,3319,20901,88707,57941,130154,90689,3294,2161,169106,7285,-110,124,-4510,169622,500,1665,59117,0,2366,0,-44,-74,140,0,84,0,0,0,0,0,0,0,0,0,0,0,0,0,0,0,0,0,0,0,1001,154,0,1372,0,0,0,0,0,0,0,0,0,0,0,0,0,27,0,7811,4691109,0,161699,0,0,0,-205416,-45473,-89190,4601919,1311109,1311109,1221919,5913028,-2249620,-1441,-180085,-2431146,-1209227,3481882
"非鉄金属加工製品",0,0,0,0,0,396,187,40676,14408,0,354,24,0,2515,23832,8,2190,12554,0,1616,0,10,0,0,7644,15051,193,2,20477,6411,381,918,605,958,5982,0,16003,226,0,3317,212539,315497,302382,387542,302686,164706,76502,354378,485507,124175,46079,116745,177447,37174,98436,44791,892269,52163,64560,54491,0,205882,102889,48186,188060,6474,0,1078,18,1263,0,0,0,0,0,0,0,522,0,0,0,204,0,0,0,0,0,2489,7932,0,2632,78601,0,1359,3707,971,0,0,23949,1868,3282,9187,3450,0,2506,1379,10054,5194949,1312,7258,0,0,0,336808,-75946,269432,5464381,1082952,1082952,1352384,6547333,-1125440,-6580,-90560,-1222580,129804,5324753
"建設用･建築用金属製品",0,0,0,30,311,158,0,0,0,0,0,0,0,135,2409,0,0,0,0,0,0,0,0,0,0,0,0,0,0,0,0,0,419,0,0,0,0,60,0,0,0,77449,9271,4166,1804,0,0,293,0,0,0,0,371,0,0,0,0,20140,13557,26342,0,2338495,1101367,368255,489977,0,0,0,0,0,0,0,1322,343,224,0,0,1958,0,0,0,51,0,0,0,0,0,0,123,0,0,0,0,0,0,0,1056,0,1876,0,0,0,0,0,0,0,2229,4464191,0,28739,638,0,332,33949,25703,89361,4553552,44532,44532,133893,4598084,-342347,-1352,-27496,-371195,-237302,4226889
"その他の金属製品",9950,3790,60,490,2109,4429,12717,107713,354714,1958,155,239,8379,22197,109283,7138,4765,2933,10,25436,487,23392,4118,377,93035,98175,6383,1667,20293,75634,4050,11731,23560,12724,17058,1037,1547,20292,337,2888,12013,217572,520789,367636,538842,268124,77298,199728,265981,74833,41917,54901,94948,50916,60073,32647,295197,98985,28758,78424,165,561687,829678,92453,50360,6376,5466,3626,745,276780,4061,643,3891,19151,1923,20751,0,7701,250,934,5465,30975,45,10235,282,4042,1283,2812,175591,3695,4123,11687,151,5630,5292,10773,7385,63,54883,10792,4766,72404,19482,1500,34926,542,25067,6867364,30178,250676,0,0,18115,412055,-13699,697325,7564689,819032,819032,1516357,8383721,-803079,-6025,-64557,-873661,642696,7510060
"はん用機械",0,0,0,24,0,251,1619,0,0,0,0,0,0,186,13144,0,0,0,0,0,0,0,0,0,0,590,0,0,5306,0,0,6451,790,3441,2564,0,0,3266,0,0,134,4703,7457,1635494,658076,102974,12071,17757,115746,89872,5524,1028,10175,1721,5859,4742,290120,89757,39992,5097,0,271544,8370,55452,56021,0,0,46838,0,406,1,0,0,0,1885,72,0,38,242,17,269,2160,74,0,46,0,0,240,13236,0,0,0,0,10,0,0,54,0,489674,5079,0,0,0,0,386,0,0,4088045,0,13291,0,0,157066,4278071,88467,4536895,8624940,3372310,3372310,7909205,11997250,-1424716,0,-113976,-1538692,6370513,10458558
"生産用機械",0,0,0,122,0,366,1397,0,0,0,0,0,0,94,1069,0,0,0,0,0,0,0,0,0,0,0,192,45,35359,0,0,495,1599,3005,3364,3,14,2909,886,170,954,216,5551,50593,2447173,13040,24655,16006,27419,4005,5277,946,3193,1744,4829,1822,27278,10202,5465,1213,0,762,1343,2070,104,0,133,1126,0,318,0,0,0,0,138,272,0,548,130,115,173,1008,58,61,0,0,84,0,645,0,0,0,0,0,0,0,712,0,725896,364,0,0,0,52,407,0,0,3439189,0,7805,0,0,99585,8574450,164159,8845999,12285188,6445904,6445904,15291903,18731092,-1876084,0,-150085,-2026169,13265734,16704923
"業務用機械",31,0,4041,32,15,0,0,0,0,0,9,0,0,0,0,0,0,0,0,21,0,0,0,0,0,0,0,0,0,0,0,0,0,0,0,0,0,0,0,0,0,154,62,27536,93173,588055,1610,0,13174,0,1740,0,3989,2860,2632,974,10258,5659,1698,1699,25,11352,0,604,0,0,0,444,136,104030,413,0,0,0,0,27,0,74,49,85,201,966,82,256,111,0,571,8882,127453,0,0,642219,11111,28337,22158,0,18737,0,238040,10645,189,0,48,32932,3876,36162,0,2059637,2339,101116,202,0,444862,4303373,73505,4925397,6985034,2027360,2027360,6952757,9012394,-1952156,-747,-156191,-2109094,4843663,6903300
"電子デバイス",0,0,0,0,0,0,0,0,0,0,0,0,0,0,0,0,0,0,0,0,0,0,0,0,0,0,0,0,0,0,0,0,0,0,0,0,0,0,0,0,0,0,3494,11705,72870,674056,1162641,337204,429844,471224,515427,279103,642257,520502,0,0,317343,0,12327,55872,0,0,0,0,0,0,0,0,0,0,0,0,0,0,0,0,0,0,0,0,0,33,0,0,0,0,0,0,0,0,798,0,0,0,0,0,0,0,200838,0,0,0,0,0,0,0,0,5707538,0,1762,0,0,0,0,43898,45660,5753198,3919648,3919648,3965308,9672846,-2777101,0,-222168,-2999269,966039,6673577
"その他の電子部品",0,0,0,0,12,0,21,36,30,0,3,0,3,5,27,4,87,4302,0,10,2,8,3,0,99,25,10,0,2,5,0,0,2,0,0,8,15,1,6,0,1197,20,27618,66607,85658,258990,782776,1476325,230833,76500,273311,58386,380759,161705,8501,2029,246741,2726,3033,9798,0,16272,1960,625,79,120,12,95,0,2340,1583,0,0,0,86,1,0,16,5,0,1,128,34,3804,12897,20545,1260,30770,88065,854,63266,47,0,238,1,0,84,1,532832,1870,4,0,18,2,652,52660,0,4991466,540,154914,0,0,0,0,47530,202984,5194450,2842940,2842940,3045924,8037390,-1087864,0,-87019,-1174883,1871041,6862507
"産業用電気機器",0,119,0,0,1094,0,110,0,0,0,0,0,0,64,329,0,0,0,0,0,0,0,0,0,0,0,0,0,58,0,0,0,26,0,0,0,0,0,0,0,107,6021,1055,221970,285964,79971,0,7650,1078526,58771,22491,9805,30419,17081,334383,33602,895502,39548,20895,1440,0,64206,39898,18644,35571,0,0,0,0,11,0,0,0,0,464,0,74,0,0,0,32,0,1,20,0,0,0,0,33,0,0,0,0,0,0,0,0,0,223496,3,0,0,0,0,103,0,342,3529899,21,8017,0,0,77782,2897395,-7072,2976143,6506042,2954978,2954978,5931121,9461020,-1333975,0,-106718,-1440693,4490428,8020327
"民生用電気機器",0,0,0,0,0,0,0,0,0,0,0,0,0,0,0,0,0,0,0,0,0,0,0,0,0,0,0,0,15,0,0,0,0,0,0,0,0,0,0,0,0,0,0,0,0,0,0,0,0,205911,0,6,0,0,0,0,0,753,3522,20,0,105937,0,0,0,0,0,0,0,0,0,0,0,0,0,1102,0,0,0,0,0,312,0,0,0,0,0,4124,21035,0,0,0,0,0,0,0,988,0,84851,900,0,0,0,1742,108,0,0,431326,56439,2446847,0,0,3683,542517,7543,3057029,3488355,309111,309111,3366140,3797466,-877099,-134,-69974,-947207,2418933,2850259
"電子応用装置･電気計測器",0,0,0,0,0,0,0,0,0,0,0,0,0,0,0,0,0,0,0,0,0,0,0,0,0,0,0,0,0,0,0,0,0,0,0,0,0,0,0,0,0,0,0,10430,73133,22322,1986,0,33143,0,76317,0,2573,421,295,0,59,11053,564,0,0,4108,469,4650,5294,0,0,0,0,0,0,0,0,0,132,0,0,0,0,0,0,0,0,0,0,150,0,0,36492,0,0,2880,0,0,0,0,0,0,32295,2843,0,0,0,0,0,0,0,321609,5,82,0,0,128527,1072066,3953,1204633,1526242,1713886,1713886,2918519,3240128,-995047,0,-79604,-1074651,1843868,2165477
"その他の電気機械",72,244,3,0,1337,2,180,0,0,0,15,0,0,1,1322,0,0,95,0,22,0,0,0,0,36,23,0,0,230,0,0,0,0,0,239,0,0,0,0,0,86,11,2417,11585,21095,30382,184904,80431,80683,24286,7528,252126,47595,4255,262021,36696,82940,4331,23702,11369,0,135629,41501,14711,14714,77,0,836,0,20736,89,750,240,0,2493,564,1348,674,110,89,50,3735,0,0,2822,525,0,4318,15633,14043,6217,1562,349,32,68,0,222,0,73981,4216,492,1171,131,5278,604,0,5093,1547367,9783,682100,0,0,90275,719053,42633,1543844,3091211,1195924,1195924,2739768,4287135,-1167151,0,-93337,-1260488,1479280,3026647
"通信･映像･音響機器",7,0,41,70,76,0,11,447,271,0,0,19,8,36,21,8,13,1,1,10,2,18,6,1,827,54,40,10,16,111,16,11,23,3,45,6,10,3,4,4,23,492,129,7892,2283,230,529,276,407,38,146,149,44604,313,285056,39031,454,17998,3509,292,81,41550,5712,32066,23439,322,44,52,102,29671,5229,3949,1445,0,757,3805,0,379,119,200,59,502,0,93,683,7330,70,2365,66902,769,4532,1219,8,531,31,336,1138,2287,15519,27187,64,4691,82,2876,252,0,0,694549,37306,2856646,0,0,575478,2205365,-745,5674050,6368599,913313,913313,6587363,7281912,-3467686,0,-276613,-3744299,2843064,3537613
"電子計算機･同附属装置",0,0,0,0,0,0,0,0,0,0,0,0,0,0,0,0,0,0,0,0,0,0,0,0,0,0,0,0,0,0,0,0,0,0,0,0,0,0,0,0,0,0,0,0,1744,0,0,0,0,0,0,0,286,96571,0,0,0,0,0,0,0,0,0,0,0,0,0,0,0,0,0,0,0,0,0,0,0,0,0,0,0,0,9,988,555,0,12,0,0,0,0,0,0,0,0,0,35300,0,21217,0,0,0,0,0,0,0,0,156682,0,593989,0,0,427353,2679466,10436,3711244,3867926,719066,719066,4430310,4586992,-2470528,0,-197617,-2668145,1762165,1918847
"乗用車",0,0,0,0,0,0,0,0,0,0,0,0,0,0,0,0,0,0,0,0,0,0,0,0,0,0,0,0,0,0,0,0,0,0,0,0,0,0,0,0,0,0,0,0,0,0,0,0,0,0,0,0,0,0,0,0,0,0,0,0,0,0,0,0,0,0,0,0,0,0,0,0,0,0,0,0,0,0,0,0,0,0,0,0,0,0,0,0,0,0,0,0,0,0,0,0,0,0,0,0,0,0,0,0,0,0,0,0,0,5372068,0,0,100793,2338482,3860,7815203,7815203,9346541,9346541,17161744,17161744,-1086543,0,-86861,-1173404,15988340,15988340
"その他の自動車",0,0,0,0,0,0,0,0,0,0,0,0,0,0,0,0,0,0,0,0,0,0,0,0,0,0,0,0,0,0,0,0,0,0,0,0,0,0,0,0,0,0,0,0,0,0,0,0,0,0,0,0,0,0,0,192468,0,0,0,0,0,0,0,0,0,0,0,0,0,0,0,0,0,0,0,0,0,0,0,0,0,0,0,0,0,0,0,0,13914,0,0,0,0,0,0,0,0,0,41148,0,0,0,0,0,0,0,0,247530,0,359468,0,0,50106,2393953,2343,2805870,3053400,1675362,1675362,4481232,4728762,-155688,0,-12425,-168113,4313119,4560649
"自動車部品･同附属品",0,0,0,0,0,0,0,0,0,0,0,0,0,0,0,0,0,0,0,0,0,0,0,0,0,0,0,0,0,0,0,0,0,0,0,0,0,0,0,0,0,0,0,0,8497,0,0,0,0,0,0,0,0,0,9388185,2410703,10995274,0,162311,0,0,0,0,0,0,0,0,0,0,0,0,0,0,0,0,0,1240,0,0,0,0,0,0,0,0,0,0,0,0,0,0,0,0,0,0,0,0,0,1646693,0,0,0,0,0,0,0,0,24612903,0,10628,0,0,0,0,68949,79577,24692480,4587448,4587448,4667025,29279928,-1398953,0,-111916,-1510869,3156156,27769059
"船舶･同修理",0,0,0,0,72155,0,31,0,0,0,0,0,0,0,0,0,0,0,0,0,0,0,0,0,0,0,0,0,0,0,0,0,0,0,0,0,0,0,0,0,0,0,0,0,0,0,0,0,0,0,0,0,0,0,0,0,0,352748,0,0,0,0,0,0,0,0,0,0,0,0,0,0,0,0,0,0,0,80821,0,0,0,4496,0,0,0,0,0,0,48041,1922,1015,0,0,0,0,0,60,0,0,42,0,0,0,129,0,0,0,561460,0,12087,0,0,204096,336197,96175,648555,1210015,1570344,1570344,2218899,2780359,-86389,0,-5072,-91461,2127438,2688898
"その他の輸送機械･同修理",0,0,0,0,0,0,0,0,0,0,0,0,0,0,0,0,0,0,0,0,0,0,0,0,0,0,0,0,0,0,0,0,0,0,0,0,0,0,0,0,0,0,0,0,0,0,0,0,0,0,0,0,0,0,0,0,0,0,1346404,0,0,0,0,0,0,0,0,0,0,0,0,0,0,0,374261,0,0,0,345894,0,0,9436,0,0,0,0,0,0,154308,0,0,0,0,0,0,0,18,0,97517,514,0,0,0,24,1369,0,0,2329745,0,145358,0,0,502904,1797287,-52094,2393455,4723200,1292182,1292182,3685637,6015382,-1527764,0,-116851,-1644615,2041022,4370767
"その他の製造工業製品",474,185,80,210,9687,241,1285,8956,10955,2,1,583,42775,4159,17470,1843,422,291,6,41,43,2894,111,21,614,2305,5,150,2600,1287,3214,3785,435,3115,3265,62,20459,5142,99,10,5492,180,1067,669,26358,10656,3530,8578,6630,510,6495,1904,6954,1568,8963,2614,14238,1417,893,169976,28,40710,59983,38694,29253,258,6,2867,2450,31901,7826,476,203,0,220,3988,155,1289,79,11,99,1044,106,19591,9092,130878,2595,59375,53279,73500,177223,9673,1137,35049,20317,22028,76964,17558,12785,168369,11185,57675,22937,59181,63339,214894,2435,1970679,164845,1814698,10,0,111388,1068573,47659,3207173,5177852,703877,703877,3911050,5881729,-2089072,-27927,-146424,-2263423,1647627,3618306
"再生資源回収･加工処理",2539,9762,3,4764,4,0,0,0,23183,2935,0,327,0,12834,0,78044,0,0,10566,1938,7286,4918,0,212,3,29,602,20200,16519,38,0,16557,10015,9170,4841,121581,54087,10120,318,153146,121901,0,3629,0,0,0,969,0,0,0,0,211,0,0,0,0,9099,0,0,56,0,0,0,3441,140,142665,22424,0,0,0,0,0,0,0,0,8201,0,0,0,0,0,0,0,0,0,0,0,0,0,0,0,0,0,0,0,0,0,0,0,0,0,1839,0,0,0,0,0,891116,0,104116,0,0,0,0,0,104116,995232,0,0,104116,995232,0,0,0,0,104116,995232
"建築",0,0,0,0,0,0,0,0,0,0,0,0,0,0,0,0,0,0,0,0,0,0,0,0,0,0,0,0,0,0,0,0,0,0,0,0,0,0,0,0,0,0,0,0,0,0,0,0,0,0,0,0,0,0,0,0,0,0,0,0,0,0,0,0,0,0,0,0,0,0,0,0,0,0,0,0,0,0,0,0,0,0,0,0,0,0,0,0,0,0,0,0,0,0,0,0,0,0,0,0,0,0,0,0,0,0,0,0,0,0,0,0,4296588,24979453,0,29276041,29276041,0,0,29276041,29276041,0,0,0,0,29276041,29276041
"建設補修",21019,5482,1426,1036,1207,566,2038,14490,3230,162,56,4006,4062,2224,3422,25269,10779,7800,965,9668,6238,22729,12836,4358,9337,20096,2780,3029,36534,4781,251,4374,16229,2634,10613,49887,41631,9927,4842,11539,14803,20638,22473,17351,26866,8379,10746,32165,15269,4076,2497,5325,6270,2277,3527,3446,15008,2978,8793,5472,257,18643,12302,4994,2009,253897,103326,133015,13937,276671,86761,60725,149301,512650,106170,15728,108539,8870,181,3885,24472,88471,2144,66695,53688,9731,22332,18475,324300,158673,71210,88654,2946,36422,23745,7339,16823,1509,8016,62717,8885,34483,12323,40786,20769,0,0,3699380,0,0,0,0,1332636,6151946,0,7484582,11183962,0,0,7484582,11183962,0,0,0,0,7484582,11183962
"公共事業",0,0,0,0,0,0,0,0,0,0,0,0,0,0,0,0,0,0,0,0,0,0,0,0,0,0,0,0,0,0,0,0,0,0,0,0,0,0,0,0,0,0,0,0,0,0,0,0,0,0,0,0,0,0,0,0,0,0,0,0,0,0,0,0,0,0,0,0,0,0,0,0,0,0,0,0,0,0,0,0,0,0,0,0,0,0,0,0,0,0,0,0,0,0,0,0,0,0,0,0,0,0,0,0,0,0,0,0,0,0,0,0,12235129,11085,0,12246214,12246214,0,0,12246214,12246214,0,0,0,0,12246214,12246214
"その他の土木建設",0,0,0,0,0,0,0,0,0,0,0,0,0,0,0,0,0,0,0,0,0,0,0,0,0,0,0,0,0,0,0,0,0,0,0,0,0,0,0,0,0,0,0,0,0,0,0,0,0,0,0,0,0,0,0,0,0,0,0,0,0,0,0,0,0,0,0,0,0,0,0,0,0,0,0,0,0,0,0,0,0,0,0,0,0,0,0,0,0,0,0,0,0,0,0,0,0,0,0,0,0,0,0,0,0,0,0,0,0,0,0,0,2685815,5444537,0,8130352,8130352,0,0,8130352,8130352,0,0,0,0,8130352,8130352
"電力",40678,32499,28109,5683,11048,11644,20303,310371,66856,10879,5623,48437,41797,45515,21369,378647,50296,113263,16558,276967,27344,197779,44113,36198,57798,87758,109471,18379,299064,77771,2976,54009,149723,22104,78254,378760,432463,207589,30426,154125,139304,52712,177678,126100,161907,56355,198883,156033,64365,17955,10386,38641,16947,9316,87563,20775,300524,44068,55793,23117,27068,81610,17887,21045,28736,1970499,74605,184248,343404,1747767,146852,218592,72548,0,397621,71731,14942,3505,8192,2875,97003,62789,8083,154569,23197,39389,13340,27252,370488,526861,156840,326050,21504,170137,117470,13357,27034,35654,39325,180810,195111,526334,144509,297908,136023,0,20473,14926305,5362,5353504,0,0,0,0,0,5358866,20285171,59034,59034,5417900,20344205,-1539,0,0,-1539,5416361,20342666
"ガス･熱供給",16,0,1233,312,25,99,23,86984,26906,1655,62,16090,3767,295,982,7702,4432,4047,5552,4998,292,9090,3331,788,23851,18263,100,967,58893,18679,130,17720,1324,12647,8157,12654,80367,32267,961,1916,18080,9594,33155,15466,17550,10924,16272,11174,7378,1016,560,7056,3013,1042,24455,23054,99962,5735,15443,3464,3142,26393,11342,6420,4096,29803,47960,7754,18155,404612,30453,30824,2548,0,4324,10461,2356,2148,1511,636,306,6411,1392,14145,4333,2948,3274,3692,106445,124529,35861,84276,6124,66909,55467,7094,847,2228,29715,86225,92262,470370,47848,17125,38895,0,812,2746441,1392,1541626,0,0,0,0,0,1543018,4289459,1798,1798,1544816,4291257,-214,0,0,-214,1544602,4291043
"水道",634,4544,1575,166,288,790,1382,52985,14523,143,2675,3184,2608,1214,1127,16465,4736,2613,1444,7730,2411,18362,5900,1964,22474,7397,5077,2997,11276,1779,138,2103,3218,573,1897,2897,20714,2065,454,3348,3528,2358,5475,6448,9431,4419,14101,9109,3930,1469,691,3228,821,560,5398,1596,8131,1814,3927,2171,3061,19011,14384,6026,5460,7848,11015,407907,44308,214782,44067,28741,3509,0,48788,17421,97081,2351,608,921,3531,26248,990,72293,2498,2850,4969,6082,158630,220933,165859,183792,6884,59436,71633,9977,2748,1190,9775,40827,58598,254121,81951,44547,32882,0,6497,2833505,2686,1902465,-307276,94876,0,0,0,1692751,4526256,20868,20868,1713619,4547124,-1534,0,0,-1534,1712085,4545590
"廃棄物処理",33,3012,1775,133,65,651,1297,27204,1430,782,794,219,605,783,418,5684,2126,2925,2050,9473,3639,7734,1479,1876,27409,10062,0,202,470,561,92,1266,8335,205,5228,3363,234,100,1,0,1505,455,527,2886,409,3426,5130,4955,1276,53,174,2257,571,423,450,679,1063,2425,15376,330,0,12528,90,56808,46017,243861,6768,8962,0,126432,111251,1025,0,0,166318,37356,0,8306,2360,3649,3233,48920,2032,126615,29697,4010,9586,7447,1083959,146092,60622,153601,12550,38113,41325,156,4218,955,8741,8026,238216,435928,63104,109603,103335,0,67363,3817263,0,292863,647716,135936,0,0,0,1076515,4893778,8508,8508,1085023,4902286,-306,0,0,-306,1084717,4901980
"商業",484586,196453,46000,19929,96398,2373,15096,2198187,390822,142906,13387,78273,185068,148386,137474,330271,314735,344736,12119,68380,24681,179845,73575,25969,284257,405698,133610,44231,624348,166470,32801,47546,78424,30224,71814,127383,262306,60914,165353,68172,267577,204801,315190,452188,666210,328007,305265,253377,417619,157680,79224,153816,157168,74207,297024,77970,1460104,150799,152206,312132,5716,1749457,807875,500010,318548,334332,103472,80993,72149,1031674,188269,21054,43043,36357,19770,212351,1052643,65760,24178,7412,15320,84020,9134,78912,20408,258120,18999,227449,391574,232280,592899,2830858,38104,280844,241555,169193,139167,53195,730205,460866,265029,3394857,166238,197538,220412,331919,47205,32587127,1663548,48154709,10279,0,496482,6899753,181619,57406390,89993517,5674864,5674864,63081254,95668381,-189500,0,0,-189500,62891754,95478881
"金融･保険",31705,15735,10969,6701,15921,5150,29135,121143,82232,5410,11111,26678,38463,18609,27090,35168,32990,46333,3678,12714,11312,38851,12537,2209,44522,56205,49597,7229,38345,17583,1982,12122,27142,12390,16329,36946,52109,12848,14079,31023,39923,60781,72809,70015,116355,74866,39492,44810,42064,19705,12967,22443,19626,14612,59974,15170,89220,39113,37506,94197,2306,347816,81003,212556,120739,378475,25449,107466,132434,1633952,1636045,1366017,914956,3857248,349597,188161,398614,157547,51612,17262,9725,80601,1107,132211,28218,76639,14514,27739,836596,279432,42435,246444,67229,218935,55171,114253,376763,14179,89605,174183,100727,156256,13384,85227,35659,0,13399,17327829,282,17774586,0,0,0,0,0,17774868,35102697,1744931,1744931,19519799,36847628,-1399404,0,0,-1399404,18120395,35448224
"不動産仲介及び賃貸",3228,0,18317,790,1115,3502,3515,74458,12522,848,28,3532,9847,4307,8878,7765,7320,23098,438,4722,4394,10356,5028,1050,28532,12831,4742,1374,35970,8144,659,3510,10900,1934,3980,7167,16785,6590,2651,2647,6007,28480,19382,27955,42394,13192,9722,12100,16120,8810,4398,11951,9361,4062,15488,3016,13844,5317,5197,5854,163,206555,28761,19854,21064,99971,38996,6284,8996,2656385,541343,585000,1417317,406469,11728,178523,157024,252467,12550,86795,149670,191390,20457,159885,45223,646706,170873,133408,63536,31857,309287,911529,26400,44774,105954,81346,128287,6504,32676,410766,53888,275669,148683,73187,157962,0,147832,11884118,0,558562,0,0,0,2853657,0,3412219,15296337,2528,2528,3414747,15298865,0,0,0,0,3414747,15298865
"住宅賃貸料",0,0,0,0,0,0,0,0,0,0,0,0,0,0,0,0,0,0,0,0,0,0,0,0,0,0,0,0,0,0,0,0,0,0,0,0,0,0,0,0,0,0,0,0,0,0,0,0,0,0,0,0,0,0,0,0,0,0,0,0,0,0,0,0,0,0,0,0,0,0,0,0,0,0,0,0,0,0,0,0,0,0,0,0,0,0,0,0,0,0,0,0,0,0,0,0,0,0,0,0,0,0,0,0,0,0,0,0,0,14022828,22007,0,0,0,0,14044835,14044835,44331,44331,14089166,14089166,-1787,0,0,-1787,14087379,14087379
"住宅賃貸料(帰属家賃)",0,0,0,0,0,0,0,0,0,0,0,0,0,0,0,0,0,0,0,0,0,0,0,0,0,0,0,0,0,0,0,0,0,0,0,0,0,0,0,0,0,0,0,0,0,0,0,0,0,0,0,0,0,0,0,0,0,0,0,0,0,0,0,0,0,0,0,0,0,0,0,0,0,0,0,0,0,0,0,0,0,0,0,0,0,0,0,0,0,0,0,0,0,0,0,0,0,0,0,0,0,0,0,0,0,0,0,0,0,51332699,0,0,0,0,0,51332699,51332699,0,0,51332699,51332699,0,0,0,0,51332699,51332699
"鉄道輸送",945,433,625,928,1425,862,2475,22995,3582,656,428,2519,4975,2123,3094,6603,8222,13675,496,2650,2992,7434,4461,581,31296,14364,3603,1294,33099,4603,538,3220,3483,2289,9263,4245,8347,2229,723,1996,5730,16744,10079,17605,33799,18802,27454,24480,13027,6145,8458,3516,30556,5895,8599,1552,12510,3111,5961,6555,1757,40563,17545,16390,7008,13308,2419,8643,66238,522176,407374,11284,1358,45,2531,22834,2932,8946,2254,5883,3731,17317,3185,37408,20236,14643,11777,15308,277935,117289,151146,74573,5728,11318,7589,21154,7817,3479,8263,75129,6960,63000,10752,21270,20794,932,72301,2722871,21689,4488936,26,0,88,884,262,4511885,7234756,184339,184339,4696224,7419095,-39136,0,0,-39136,4657088,7379959
"道路輸送(自家輸送を除く。)",56128,153101,6941,24339,18214,1572,7903,538362,90591,39206,7111,12940,21990,49973,34306,95208,81531,68803,4867,20937,25934,67481,29273,8806,75364,111669,41158,26515,103810,30410,4309,19635,89128,12822,38603,78620,78986,42701,44813,32244,73273,58213,80982,98123,133302,66364,69997,63007,76600,27275,14019,33439,27896,21109,189255,55100,215354,33291,26839,56559,383362,590433,226281,242155,179417,254104,103613,37335,110479,432366,280741,12112,9279,2365,6296,60239,32102,13356,12785,2215,4405,44153,107466,83207,17724,111332,25322,99140,248567,78537,165056,350713,7568,47481,34306,50631,27015,22227,98004,132362,30673,386019,16122,33395,114246,58614,188214,9289835,346317,5247796,2288,0,50642,646878,37222,6331143,15620978,1168289,1168289,7499432,16789267,-71992,0,0,-71992,7427440,16717275
"自家輸送",260797,37378,13555,19662,36571,7419,150812,174857,38964,4311,4538,14793,16078,37699,12057,17226,11841,42045,1140,8029,6519,20564,2368,1556,16554,15762,5557,485,13403,4205,4023,7209,78517,2466,10086,20409,54720,8072,8463,8511,20028,38645,60860,51509,78011,48298,21146,4842,18008,6735,4821,9396,964,7372,15377,3812,26723,3746,2281,117281,11416,502183,211751,258019,108002,74098,17248,30274,97308,3187826,268605,74766,38207,35459,17472,32196,0,19564,3816,2057,4347,30386,10666,104488,26394,242757,6456,76606,454569,216519,102670,172759,7389,58578,63636,49783,105484,74491,47375,276204,144643,41776,66903,221734,172206,0,55082,9563244,0,0,0,0,0,0,0,0,9563244,0,0,0,9563244,0,0,0,0,0,9563244
"水運",13178,18116,506,490,3100,176,464,31293,5270,6257,549,828,595,6898,2242,12086,5520,3792,1005,11566,7142,12487,5651,1709,6557,12587,91641,32249,5033,2441,245,2757,22722,1290,9237,51256,17578,9524,11851,58100,3905,10316,13242,11789,16457,4343,3638,4390,6991,2139,722,2500,1592,801,41682,12672,34804,5009,3602,2458,106323,26000,8235,22191,19500,119825,21910,1800,2557,16505,7453,1010,267,564,422,46810,58629,2574803,6214,136,172,2241,2330,846,530,6119,244,3160,6826,4758,7988,8803,525,2008,1851,1392,919,391,10763,5719,1122,13273,1232,2415,2196,3843,3639,3805499,2123,174758,7,0,1934,29766,4097,212685,4018184,4167292,4167292,4379977,8185476,-2238216,0,0,-2238216,2141761,5947260
"航空輸送",27,0,1554,179,462,897,1763,4418,853,240,220,1694,4888,1043,2638,1361,2113,7694,153,961,561,2360,1211,233,33157,5530,1577,373,7349,3377,313,1037,1754,442,1200,854,3663,843,395,570,1479,4728,5830,11520,18921,6919,3102,4606,6794,3214,3998,2769,3760,1443,3782,1102,10536,570,1691,3204,1,2772,4723,1929,1668,5942,743,3813,19370,355078,39269,3984,1406,1,311,7368,20,2352,13280,2020,674,4007,33306,22338,16613,82327,6823,90551,36110,71592,79201,34310,228,1431,2948,17574,16587,19254,4305,105813,3801,10512,6062,19036,10675,106,27085,1389244,13740,1848066,7,0,186,1221,111,1863331,3252575,670852,670852,2534183,3923427,-940390,0,0,-940390,1593793,2983037
"貨物利用運送",4708,10890,487,272,1684,38,223,47573,6839,2952,440,879,1436,3254,2264,8726,6925,7241,454,1821,3723,6203,2758,804,4783,9223,11172,1943,6916,1965,268,1598,8399,944,3469,8177,5330,3190,3131,2569,4866,3582,5158,5839,8029,4249,3930,3634,4728,1922,1108,2291,2058,1058,16611,4829,16529,2296,1913,3516,1414,34136,12859,13996,11003,22922,8368,1128,1057,13143,3732,656,326,247,3554,18978,6823,2094,2554,4498,182,1807,14730,907,399,5849,187,6879,4671,3666,6866,27666,567,3176,2610,1764,1008,5713,7276,4938,2360,30062,1131,1578,1682,4722,729,600430,6019,195648,142,0,3531,43258,2986,251584,852014,89196,89196,340780,941210,0,0,0,0,340780,941210
"倉庫",10600,19448,885,563,3740,74,361,150086,15450,31933,2014,2652,4111,5308,3479,17861,12244,11401,2095,6507,4248,8405,5919,1845,8702,16274,109959,3666,20948,4446,1236,5016,10622,3111,8003,12327,12503,6063,6015,18770,27589,7437,13830,12609,16562,10580,8505,8055,13730,4204,2597,7783,4285,2466,22508,6475,29001,4272,3903,7289,24501,37920,15091,17130,13841,197969,80898,2112,2122,28589,8862,2016,596,262,999,4723,8749,1901,2905,125,358,3936,214,3648,2729,15090,762,13407,170312,8307,14482,27629,1122,6249,4450,3268,1649,2575,9936,7218,3865,56860,1670,2509,2515,6063,1074,1605778,9343,232480,407,0,3143,49418,5733,300524,1906302,144225,144225,444749,2050527,0,0,0,0,444749,2050527
"運輸附帯サービス",154,0,31,0,2870,0,329,15144,6022,1360,0,358,1978,1517,2376,13361,748,8427,1356,3507,288,4401,1415,611,6714,12084,67,296,21181,3374,199,11228,593,3067,1191,0,51158,643,747,1534,9771,274,5816,8980,6955,2696,3068,5166,36052,561,2395,5251,1062,3522,1469,3703,37184,305,1356,4584,399,0,0,272,0,0,0,0,0,454613,161,0,0,0,329583,518740,1182903,254525,791157,38894,21161,146343,0,0,0,0,0,16008,8364,13,468,0,0,0,0,0,44238,0,14,2,347106,90867,0,39047,0,0,92811,4698188,5009,2689837,42245,7368,0,0,0,2744459,7442647,833289,833289,3577748,8275936,-279516,0,0,-279516,3298232,7996420
"郵便･信書便",714,517,438,72,347,346,433,2775,683,53,91,289,377,230,271,517,775,1174,36,205,102,526,276,33,6621,1022,312,151,1883,327,46,204,390,88,331,352,1019,142,174,134,360,681,1048,1615,2357,1800,272,492,990,291,790,351,456,112,244,186,1685,182,1318,645,802,7118,9439,6107,3876,18422,9959,4662,4181,122692,247084,6251,10720,0,4173,2362,0,5703,1671,1438,2017,10344,25063,124718,9609,17398,6731,18000,168121,23420,99151,14961,7024,39066,12117,23875,4562,1426,9276,43615,6063,28345,5772,6652,17365,0,2858,1234560,11884,177745,0,0,0,0,0,189629,1424189,46413,46413,236042,1470602,-40116,0,0,-40116,195926,1430486
"通信",1481,763,2264,383,4106,2323,1406,17170,1910,337,306,1647,2246,1410,1616,2084,3281,7448,150,730,253,1627,828,114,97862,6416,1031,730,6748,2513,277,898,1616,756,1489,1524,3100,695,905,340,2081,2787,5535,10671,16161,6976,1924,3579,5669,1918,4765,2104,3051,740,2552,1013,11225,1325,1895,3914,234,15063,161989,54057,33696,6403,3202,7821,16768,1183273,425133,69174,63323,0,19978,40016,0,42324,6414,2899,2702,15396,4473,2846709,239615,69830,118562,100111,299604,14118,260515,79783,8365,79065,20250,58626,10259,44421,27721,145861,28917,170873,31566,21388,25487,0,231788,7380440,95682,8958025,0,0,0,0,0,9053707,16434147,103000,103000,9156707,16537147,-183604,0,0,-183604,8973103,16353543
"放送",772,147,107,24,5,19,37,513,80,8,137,29,53,18,41,24,89,143,7,16,33,14,17,9,33,39,324,15,4,43,3,7,50,11,16,134,61,12,38,66,110,112,7,158,210,60,101,19,194,71,3,53,32,60,191,61,24,64,48,45,48,2598,928,720,689,55,18,47,1018,29278,10583,2042,1212,0,1476,429,0,464,85,24,27,3919,117,1217,230597,379,656199,9729,284,2291,777,4397,244,1834,1883,1623,1451,2186477,1538,2287,7218,166551,39376,12246,697,0,2779,3392672,7570,1324146,0,0,0,0,0,1331716,4724388,51,51,1331767,4724439,0,0,0,0,1331767,4724439
"情報サービス",13561,9511,3424,65,2166,593,1085,59149,29455,3807,3365,2143,4658,4894,9637,16055,9396,18325,2525,6658,2946,19526,9623,1123,102192,31984,5225,811,40072,19036,527,4900,7609,5734,9674,13959,18767,7083,7979,6573,14212,15350,22885,46023,137099,30894,31786,51552,104355,5138,29586,17316,24173,54693,28375,4735,51218,6327,9681,15660,61,52354,22093,35105,35391,221141,35091,162253,18953,1638872,1367548,55897,36785,0,5339,60829,0,16525,17486,3920,19239,146651,4581,465424,32221,488306,243740,170411,633145,69291,561079,278086,33444,91574,9717,141253,106615,55340,23431,676657,68306,50687,1447,107179,49684,0,19097,9549121,2462,1022298,0,0,1055204,8262962,6418,10349344,19898465,427320,427320,10776664,20325785,-1825463,0,0,-1825463,8951201,18500322
"インターネット附随サービス",320,202,468,13,167,105,184,11194,1435,267,177,79,266,198,230,8679,2353,503,261,903,1007,1303,1156,216,18406,4209,1447,19,4086,519,36,131,622,29,697,1537,5900,771,388,581,1991,662,9268,3342,2476,5926,6326,7468,2741,117,5474,908,12178,302,4404,1222,4571,1702,720,845,44,3348,3780,254,149,351,155,1176,1406,465383,112244,2713,16418,0,7851,17129,0,2573,834,1275,1622,8142,2258,294961,53103,208126,411489,44734,22705,2620,22065,2001,797,6931,451,2619,6945,315644,26495,457159,2186,6150,2498,14660,5155,0,70496,2772802,22333,753332,0,0,0,0,0,775665,3548467,6778,6778,782443,3555245,-4515,0,0,-4515,777928,3550730
"映像･音声･文字情報制作",2317,1235,2665,727,1804,71,1005,37642,7771,1311,264,2244,6738,3340,4295,1997,5167,10153,1949,2682,497,3468,646,381,19207,7049,1752,735,7826,7302,808,660,1479,1573,2304,3621,2743,941,1239,1443,3905,4714,11763,11153,20029,10051,7855,14343,12088,2995,2849,3956,5650,4234,5439,1707,12460,2063,5318,7958,1330,56733,19671,23723,13752,7020,1064,7717,9384,247052,130972,18592,10473,0,14502,47270,0,3993,5145,3478,6198,17647,11085,159928,957916,185982,24600,439717,251526,79835,254743,114525,3294,93120,21999,104557,20391,1335116,5786,258966,22433,59069,31769,159003,25722,0,30289,5608668,52587,1203740,36245,0,0,59744,-33422,1318894,6927562,225998,225998,1544892,7153560,-300742,0,-7341,-308083,1236809,6845477
"公務",0,0,0,0,0,0,0,0,0,0,0,0,0,0,0,0,0,0,0,0,0,0,0,0,0,0,0,0,0,0,0,0,0,0,0,0,0,0,0,0,0,0,0,0,0,0,0,0,0,0,0,0,0,0,0,0,0,0,0,0,0,0,0,0,0,0,0,0,0,0,0,0,0,0,0,0,0,0,0,0,0,0,0,0,0,0,0,0,0,0,0,0,0,0,0,0,0,0,0,0,0,0,0,0,0,0,1157289,1157289,0,1167743,24098783,13315220,0,0,0,38581746,39739035,0,0,38581746,39739035,0,0,0,0,38581746,39739035
"教育",0,0,397,111,2,4,251,9535,353,350,0,6,72,200,486,772,412,89,33,429,489,1485,1034,139,2088,3007,109,6,1545,159,0,214,836,982,388,134,739,781,0,0,148,2919,1654,6562,6584,2189,4272,10917,8029,5475,1654,2373,7626,521,1837,838,5823,1586,306,362,30,6300,291,1578,1321,11853,1791,480,710,19991,7814,81,10,0,52417,4560,3193,377,187,535,652,3675,350,92299,4084,75019,24516,9265,5121,38,10,5069,0,945,206,0,4057,7532,20,27021,1151,11705,5274,2126,3435,0,737,497138,0,8880882,12676057,3203414,0,0,0,24760353,25257491,34062,34062,24794415,25291553,-271364,0,0,-271364,24523051,25020189
"研究",0,0,0,0,0,0,0,0,0,0,0,0,0,0,0,0,0,0,0,0,0,0,0,0,0,0,0,0,0,0,0,0,0,0,0,0,0,0,0,0,0,0,0,0,0,0,0,0,0,0,0,0,0,0,0,0,0,0,0,0,0,0,0,0,0,0,0,0,0,0,0,0,0,0,0,0,0,0,0,0,0,0,0,0,0,0,0,0,0,0,0,0,0,0,0,0,0,0,0,0,0,0,0,0,0,0,0,0,0,305497,88903,1545594,2824952,14978399,0,19743345,19743345,693360,693360,20436705,20436705,-1776380,0,0,-1776380,18660325,18660325
"医療",0,0,0,0,0,0,0,0,0,0,0,0,0,0,0,0,0,0,0,0,0,0,0,0,0,0,0,0,0,0,0,0,0,0,0,0,0,0,0,0,0,0,0,0,0,0,0,0,0,0,0,0,0,0,0,0,0,0,0,0,0,0,0,0,0,0,0,0,0,0,0,0,0,0,0,0,0,0,0,0,0,0,0,0,0,0,0,0,0,0,0,328687,0,0,5778,0,0,0,0,0,0,0,0,0,0,0,0,334465,200366,8644719,36606037,0,0,0,0,45451122,45785587,241,241,45451363,45785828,-3569,0,0,-3569,45447794,45782259
"保健衛生",0,0,4941,0,0,0,0,0,0,0,0,0,0,0,0,18,19,113,0,0,0,13,0,0,444,0,0,0,13,1,0,0,0,0,0,0,51,0,0,0,0,0,0,0,0,0,0,0,0,0,0,0,0,0,0,0,0,0,0,0,0,22,17,22,16,646,26,1336,0,2479,5695,282,258,0,727,73,0,1289,0,0,50601,10247,84,21494,2140,825,1481,2222,1097,646,412,579952,109768,31527,14003,59,0,224,0,2814,20,2740,18,930,625,0,11449,863879,424426,211150,464312,3220,0,0,0,1103108,1966987,0,0,1103108,1966987,0,0,0,0,1103108,1966987
"社会保険･社会福祉",0,0,0,0,0,0,0,0,0,0,0,0,0,0,0,0,0,0,0,0,0,0,0,0,0,0,0,0,0,0,0,0,0,0,0,0,0,0,0,0,0,0,0,0,0,0,0,0,0,0,0,0,0,0,0,0,0,0,0,0,0,0,0,0,0,0,0,0,0,0,0,0,0,0,0,0,0,0,0,0,0,0,0,0,0,0,0,0,0,0,0,0,0,0,0,0,0,0,0,0,0,0,0,0,0,0,0,0,176166,5910134,3793304,29683,0,0,0,9909287,9909287,0,0,9909287,9909287,0,0,0,0,9909287,9909287
"介護",0,0,0,0,0,0,0,0,0,0,0,0,0,0,0,0,0,0,0,0,0,0,0,0,0,0,0,0,0,0,0,0,0,0,0,0,0,0,0,0,0,0,0,0,0,0,0,0,0,0,0,0,0,0,0,0,0,0,0,0,0,0,0,0,0,0,0,0,0,0,0,0,0,0,0,0,0,0,0,0,0,0,0,0,0,0,0,0,0,0,0,0,0,0,0,0,0,0,0,0,0,0,0,0,0,0,0,0,0,922562,9005710,0,0,0,0,9928272,9928272,0,0,9928272,9928272,0,0,0,0,9928272,9928272
"他に分類されない会員制団体",96,0,1138,99,12730,900,1579,17926,9533,3251,4552,555,1864,2117,3999,3219,2802,3217,389,12231,1730,3189,1832,161,22812,6513,1880,746,5159,2931,46,698,4203,425,647,8062,7018,1787,1652,1087,2123,3304,6372,22667,29652,9978,4978,4587,5442,315,1563,2593,2715,1597,3557,1227,2479,1692,2964,2982,1688,19570,24806,12750,9586,20824,15778,41493,9458,54565,104541,12979,13306,0,7652,28170,0,6659,278,930,9141,14985,93,16837,11682,17880,3341,15082,112,8765,80267,61286,1494,213,3705,0,20791,15927,19263,94056,7560,42109,7427,76340,18809,0,22612,1222372,0,3303189,0,0,0,0,0,3303189,4525561,34576,34576,3337765,4560137,-128344,0,0,-128344,3209421,4431793
"物品賃貸サービス",12335,20203,7039,1886,1736,9006,4515,71996,21936,1653,1613,4360,6057,15124,9230,6386,9147,44032,578,10794,3309,7435,2994,1233,9463,16730,1307,9551,42415,17016,594,3758,12449,1387,13594,12076,17463,8764,8498,3333,14329,9551,31987,62522,149143,20017,61518,39666,95869,11772,7642,28365,16945,2838,46291,12087,79010,29157,69858,19263,50072,549723,113030,451346,474119,81377,30683,11134,26770,839707,319154,23704,24715,0,18382,157797,1214970,16545,269649,12388,11486,74121,424,184121,72260,182280,177142,57846,566406,48967,79248,283448,26921,90366,192212,26214,27647,11121,94041,466720,43146,43646,17755,48320,27887,0,21684,8821519,29941,478379,0,0,0,0,0,508320,9329839,865920,865920,1374240,10195759,-112071,0,0,-112071,1262169,10083688
"広告",2016,0,3177,1450,1344,318,1654,250499,188381,226,48699,1217,12215,3052,10795,11771,11790,5441,1146,8041,532,6075,2050,1547,348962,288458,2585,264,52152,18809,770,2210,1229,4560,3004,4139,8886,1179,1655,2243,5082,6963,9858,40087,48849,33123,42141,19074,31315,31522,9699,12856,18575,8524,116778,34534,112944,4372,12032,35131,114,85607,5087,10679,7591,52388,40091,35462,5191,955093,1058793,206103,182320,0,34126,58623,0,8574,33195,3752,1089,91758,1327,343344,98118,317016,105776,267159,53490,97853,46892,63440,15545,7770,14478,21913,79935,5563,27398,697789,14667,298275,75032,116440,72007,0,23681,7688544,0,4194,0,0,0,0,0,4194,7692738,402400,402400,406594,8095138,-881900,0,0,-881900,-475306,7213238
"自動車整備･機械修理",108946,20180,14590,14764,3513,2799,6825,121107,26403,3309,3489,10279,8970,24390,4206,20792,9880,15671,4316,30951,13041,90177,12673,3113,43820,26095,28685,9577,79427,37786,829,8277,29775,6797,24195,50648,55281,15753,3343,17036,35973,31321,47959,71736,83204,44676,58837,62206,39324,12070,12183,10710,12600,6803,37866,13033,119444,4398,10195,7761,2040,91633,97661,92692,55398,577561,12785,111111,91932,51420,90012,32885,19666,0,15230,573805,1902551,5455,24436,12115,15079,61683,881,52466,36735,281919,15633,21443,479508,60556,257618,84957,19899,44754,18463,34754,1114234,12034,72884,170872,9753,116286,35714,50687,11227,0,14844,8689278,5165,2883933,0,0,0,0,0,2889098,11578376,3555,3555,2892653,11581931,-285,0,0,-285,2892368,11581646
"その他の対事業所サービス",3739,3226,16834,278,12024,6435,10271,449425,83452,8371,22514,12193,62800,17646,42651,29909,37654,140080,3497,37420,7358,55772,20185,4882,140720,132804,23833,5512,227585,53325,6072,45236,107096,8940,60840,31933,33221,28423,16404,10201,48207,54691,146747,237502,283452,132742,164974,160154,178192,39482,44856,57879,78947,50595,163445,68425,449406,27032,107644,42587,18986,1772582,214896,1376769,241252,676326,93482,452231,179309,6247110,2623782,1128313,526188,76668,185133,219687,5824,40952,45354,34360,232512,910597,11354,1498537,384630,3312732,483413,301188,2533575,776401,1712085,1519611,85249,457319,242994,260544,642720,407991,409022,6076815,61504,417322,137263,255712,134017,0,127166,44109197,45413,702499,0,0,175812,1813253,0,2736977,46846174,1852898,1852898,4589875,48699072,-2789039,0,0,-2789039,1800836,45910033
"宿泊業",0,0,0,0,0,0,0,0,0,0,0,0,0,0,0,0,0,0,0,0,0,0,0,0,0,0,0,0,0,0,0,0,0,0,0,0,0,0,0,0,0,0,0,0,0,0,0,0,0,0,0,0,0,0,0,0,0,0,0,0,0,0,0,0,0,0,0,0,0,0,0,0,0,0,0,0,0,0,0,0,0,0,0,0,0,0,0,0,0,0,0,0,0,0,0,0,0,0,0,0,0,0,0,0,0,0,0,0,1834104,3045103,0,0,0,0,0,4879207,4879207,794267,794267,5673474,5673474,-597564,0,0,-597564,5075910,5075910
"飲食サービス",0,0,0,0,0,0,0,0,0,0,0,0,0,0,0,0,0,0,0,0,0,0,0,0,0,0,0,0,0,0,0,0,0,0,0,0,0,0,0,0,0,0,0,0,0,0,0,0,0,0,0,0,0,0,0,0,0,0,0,0,0,0,0,0,0,0,0,0,0,0,0,0,0,0,0,0,0,0,0,0,0,0,0,0,0,0,0,0,0,67636,0,75436,0,15661,51745,0,0,0,0,0,74600,195174,0,0,0,0,0,480252,7493449,19503759,0,0,0,0,0,26997208,27477460,523879,523879,27521087,28001339,-447086,0,0,-447086,27074001,27554253
"洗濯･理容･美容･浴場業",6,0,230,1,53,10,24,2013,695,63,113,93,158,90,61,226,161,222,10,208,3,63,23,24,567,47,65,22,423,119,14,4,10,0,18,200,247,22,79,78,67,140,283,400,267,116,630,596,93,127,60,125,96,171,533,31,1205,191,234,176,3,304,202,959,302,1012,34,184,242,5966,2191,604,312,0,22010,2188,92,394,738,37,55,461,435,7094,3105,731,1673,1772,4404,3060,1683,455894,9287,105436,94811,295,581,5831,216,2894,55323,78989,109045,2159,3016,0,3718,1001748,22510,4242574,0,0,0,0,0,4265084,5266832,464,464,4265548,5267296,-2746,0,0,-2746,4262802,5264550
"娯楽サービス",0,0,0,0,0,0,0,0,0,0,0,0,0,0,0,0,0,0,0,0,0,0,0,0,0,0,0,0,0,0,0,0,0,0,0,0,0,0,0,0,0,0,0,0,0,0,0,0,0,0,0,0,0,0,0,0,0,0,0,3154,0,0,0,0,0,0,0,0,0,1515,0,0,0,0,0,0,0,0,0,0,0,0,0,2074,190692,0,777,242730,0,2622,201,0,0,0,0,0,0,19274,0,0,13220,6346,0,182657,12625,0,2144,680031,777993,8274662,0,0,0,0,0,9052655,9732686,118152,118152,9170807,9850838,-211675,0,0,-211675,8959132,9639163
"その他の対個人サービス",48,0,913,83,1498,16,106,2684,618,131,97,84,247,92,169,159,169,453,31,107,63,315,137,59,724,473,141,58,495,205,22,105,147,75,103,391,489,98,150,191,469,259,419,841,1978,633,519,537,811,331,130,352,285,146,783,359,1506,305,279,217,75,5495,1335,4020,2978,670,262,1069,0,72960,4848,17837,7316,15661,1257,5199,0,864,387,86,417,2267,288,4827,5293,31354,722,28401,14958,8559,45453,14781,399,1753,2788,11172,9565,19069,5172,44765,13017,10532,10601,28413,69497,0,1950,551637,73998,6616491,0,0,0,0,0,6690489,7242126,46200,46200,6736689,7288326,-15456,0,-657,-16113,6720576,7272213
"事務用品",1309,2670,2442,1452,1788,86,598,21927,2305,36,6,1310,2778,1931,2289,2503,2462,4933,338,2064,309,1111,1023,254,3863,4914,224,173,1351,1052,484,2219,2077,886,2105,1047,1137,528,1536,603,2503,1626,3191,8759,16079,5459,5564,5425,7724,2108,1061,3048,3118,1624,2042,605,9230,1824,4798,5648,240,18705,284,30861,3790,642,465,4169,15937,195970,128397,18999,7227,0,11948,27148,7829,11029,4658,5451,3920,22612,5385,43164,10621,12782,6795,17453,113716,41464,123336,56978,4516,40942,55144,22294,8919,7760,14081,83928,11277,23884,21067,23179,19919,0,959,1463403,0,0,0,0,0,0,0,0,1463403,0,0,0,1463403,0,0,0,0,0,1463403
"分類不明",33518,570,590,2632,13299,1978,8406,142332,27714,28398,30910,2631,6927,17400,3234,7490,7649,9865,97,3675,305,1724,2576,3051,14931,13029,3649,2251,14955,15689,1343,8151,23716,833,16190,31884,24336,23699,15180,12004,31407,9537,34551,75832,96323,17260,5842,3693,19438,2607,1748,14087,4645,2669,5942,4009,10883,39984,29735,6542,1896,497138,213926,62514,75134,62106,7813,40855,103640,649760,165379,122995,12825,4173,51909,212849,0,80202,21539,837,6233,79284,1774,47171,49901,15854,5162,14142,37193,282156,141352,82599,26909,116004,38418,20365,58851,1732,27247,140231,9152,44639,38381,11021,48762,730,0,4728298,0,10043,0,0,0,0,0,10043,4738341,5295,5295,15338,4743636,-50648,0,0,-50648,-35310,4692988
"内生部門計",2725057,2698509,335997,268036,717925,72827,334050,19151774,3401004,1231233,307318,853961,1287743,1399051,1112699,3176280,2002299,2305650,265943,1255344,2760338,4267265,1861359,323009,3327980,4571370,10551430,1215319,6953225,1688476,205533,645255,1388365,350625,863295,6619286,10834115,1046729,1625125,2546677,4095898,2555409,3915264,5838169,8984331,4038619,4045022,4389194,5054130,1918984,1335726,1928673,2228959,1300686,13258572,3655314,20530201,1769837,2736690,2131126,670218,15877275,6217125,6242161,3994956,12903473,2914044,2277193,1658125,28751025,11506174,4186528,3641159,5007919,2358429,4052072,9563244,4176837,2448752,296297,743135,2718722,310856,7545148,2742033,7457400,2658145,3768004,11591974,4489511,7231704,19734681,698808,2965586,2264062,1770985,3294495,5116900,7179727,12425836,2613810,16457981,1673909,2854105,2046846,1463403,2760622,469579674,15055500,305616414,87194020,18335311,28141456,108791468,503254,563637423,1033217097,86769418,86769418,650406841,1119986515,-93036242,-1042351,-8089534,-102168127,548238714,1017818388
"家計外消費支出(行)",14131,4362,10727,6799,45602,6025,31165,263813,68683,5433,4645,16794,27743,20279,28974,79460,74476,100242,15818,26114,3944,76132,16704,9120,115038,105507,45772,10750,199354,46838,7168,20375,39779,9799,35522,170428,42750,11795,6207,38030,57346,77625,105232,169623,265910,129403,106702,104913,123193,27893,56845,45137,40134,61789,127020,35825,198326,51253,45924,71443,8859,719800,166353,253113,105734,194617,49919,64313,120444,2284242,1073243,169569,143732,0,123127,285017,0,128313,32798,31258,32660,222954,43888,133367,73911,413245,6757,303139,434274,144506,283022,334970,34330,211202,166901,164900,68413,162568,136038,779529,114642,422099,234219,225583,170539,0,19560,15055500,,,,,,,,,,,,,,,,,,,
"雇用者所得",467720,196522,342579,201381,285729,22263,151770,4204237,660336,82995,73592,337344,572733,394768,464512,370910,752428,1332751,30765,233897,58202,421058,190377,65317,608775,888953,142437,53046,2420434,730101,83623,282597,537444,196328,399567,275811,796556,328341,239798,155013,733556,969786,2398634,2396366,3986639,1394260,870610,1886011,1746349,396495,454977,511311,745565,298758,1036459,425635,4308488,452777,892055,893617,235074,9822294,3736204,4160754,3542290,1562081,376493,652458,2354221,37218350,11062022,2468021,2203784,0,1758433,8865814,0,701819,339942,300524,467093,2202059,949046,1019266,640041,6652313,580582,1608042,14323697,14818888,7374843,20525398,1054356,6292407,6308203,2201284,1261590,1005161,3224873,20252461,1244836,7754371,1400887,2240947,2125205,0,59433,265799218,,,,,,,,,,,,,,,,,,,
"営業余剰",1949183,240582,120395,258617,241987,26989,50170,2261847,946511,129760,276709,-111250,-5352,328153,105534,230609,310294,479043,28291,196969,12317,5977,78444,26648,960496,482750,641989,49744,-73566,118796,24131,81632,307626,11461,236475,1048142,1816871,264539,290493,595068,31822,193377,184753,928139,1592368,228819,1514,-655656,-287120,-16262,-86428,112854,-148901,-178465,518312,-1027,82211,85453,105124,74763,-4806,935407,392743,205454,173086,518310,185681,598643,281118,14811175,8985785,2759687,3700270,25313558,366262,843471,0,214017,7079,58721,109134,1600881,7923,3962596,788555,1766193,80094,628772,0,77921,707176,1936296,64769,124365,314633,-30808,1067594,159328,361856,5314712,280049,702554,975251,2106925,1077349,0,1564821,103905324,,,,,,,,,,,,,,,,,,,
"資本減耗引当",1198419,418897,79852,74973,225036,32535,60745,1391671,447237,36717,109712,249960,191892,182646,83244,324754,215153,568945,37793,256491,165494,740921,329851,56666,1852048,702787,352629,111487,908795,503022,14153,180109,282311,85632,159610,924069,422209,89783,53375,120310,367435,309637,688066,1041665,1743589,1020380,1591812,1059987,1349447,510153,394281,403001,621896,412847,1382258,465784,2602326,269217,426022,420596,20690,809789,281190,914649,331360,4426810,681450,880817,258529,8486201,2600383,4473595,3878893,18808479,2473705,1356399,0,658786,415194,158831,450579,735134,87121,3081084,304040,1621674,112712,405623,0,2052058,1276784,3246725,67730,234972,752967,273098,4255040,590583,399996,4144131,681677,1321098,706696,1327986,1138074,0,230144,112735808,,,,,,,,,,,,,,,,,,,
"資本減耗引当(社会資本等減耗分)",0,0,0,0,0,0,0,0,0,0,0,0,0,0,0,0,0,0,0,0,0,0,0,0,0,0,0,0,0,0,0,0,0,0,0,0,0,0,0,0,0,0,0,0,0,0,0,0,0,0,0,0,0,0,0,0,0,0,0,0,0,0,0,0,0,0,0,94876,135936,0,0,0,0,0,0,0,0,0,0,0,0,7368,0,0,0,0,0,0,13315220,3203414,1545594,0,3220,29683,0,0,0,0,0,0,0,0,0,0,0,0,0,18335311,,,,,,,,,,,,,,,,,,,
"間接税(関税･輸入品商品税を除く。)",317733,62701,27869,22467,82746,28549,31088,524958,1480114,24242,1389615,63432,101043,82035,48210,65249,101701,185852,10388,33540,41292,112891,34948,12960,191119,137595,3711095,11656,418567,84008,8749,28077,111252,15243,42277,264951,48246,79113,44066,26791,38718,121082,218170,84648,132175,91857,57948,78107,34363,13005,10087,25685,49983,23242,-334256,-20862,47602,60385,165118,26798,65202,1111847,390758,503592,240632,737928,90816,202815,93628,3974876,746737,1241699,542287,2202743,356390,1358901,0,84480,-260715,95589,247953,540567,31652,612179,175879,589804,112442,132173,73870,236947,380986,732221,43776,51131,158900,152621,136592,178747,279229,2996865,140953,896255,273652,883670,714269,0,82141,35667962,,,,,,,,,,,,,,,,,,,
"(控除)経常補助金",-675201,-46086,-58,-32119,-1447,-254,-7,-131141,-556,-1806,-4,-23,-20,-47,-15,-12,-15,-40,-1,-6,-2,-9,-7,-2,-22,-24,-62740,-2,-43,-20,-25,-8,-16,-6,-8,-16,-44,-11,-5,-7,-22,-27,-59,-52,-89,-38,-31,-49,-35,-9,-11,-14,-23,-10,-25,-20,-95,-24,-166,-37,-5,-371,-411,-33509,-257706,-553,-7360,-225525,-21,-46988,-526120,-234,-22746,0,-56387,-44399,0,-16992,-13,-10,-27,-31265,0,-97,-20,-307,-2,-276,0,-3056,-139784,-728032,-2,-59,-37394,-100287,-36,-49,-73,-3501,-57,-105,-64,-53,-69,0,-23733,-3260409,,,,,,,,,,,,,,,,,,,
"粗付加価値部門計",3271985,876978,581364,532118,879653,116107,324931,8515385,3602325,277341,1854269,556257,888039,1007834,730459,1070970,1454037,2666793,123054,747005,281247,1356970,650317,170709,3727454,2317568,4831182,236681,3873541,1482745,137799,592782,1278396,318457,873443,2683385,3126588,773560,633934,935205,1228855,1671480,3594796,4620389,7720592,2864681,2628555,2473313,2966197,931275,829751,1097974,1308654,618161,2729768,905335,7238858,919061,1634077,1487180,325014,13398766,4966837,6004053,4135396,7439193,1376999,2268397,3243855,66727856,23942050,11112337,10446220,46324780,5021530,12665203,0,1770423,534285,644913,1307392,5277698,1119630,8808395,1982406,11042922,892585,3077473,28147061,20530678,11428621,26047578,1268179,6943701,7664210,2660808,6789193,2096338,4401919,33484197,2462100,11096272,3590641,6785058,5225367,0,1932366,548238714,,,,,,,,,,,,,,,,,,,
"国内生産額",5997042,3575487,917361,800154,1597578,188934,658981,27667159,7003329,1508574,2161587,1410218,2175782,2406885,1843158,4247250,3456336,4972443,388997,2002349,3041585,5624235,2511676,493718,7055434,6888938,15382612,1452000,10826766,3171221,343332,1238037,2666761,669082,1736738,9302671,13960703,1820289,2259059,3481882,5324753,4226889,7510060,10458558,16704923,6903300,6673577,6862507,8020327,2850259,2165477,3026647,3537613,1918847,15988340,4560649,27769059,2688898,4370767,3618306,995232,29276041,11183962,12246214,8130352,20342666,4291043,4545590,4901980,95478881,35448224,15298865,14087379,51332699,7379959,16717275,9563244,5947260,2983037,941210,2050527,7996420,1430486,16353543,4724439,18500322,3550730,6845477,39739035,25020189,18660325,45782259,1966987,9909287,9928272,4431793,10083688,7213238,11581646,45910033,5075910,27554253,5264550,9639163,7272213,1463403,4692988,1017818388,,,,,,,,,,,,,,,,,,,
